time_sec,time_nsec,x,y,z,qx,qy,qz,qw
1780641116,901739332,19.19981575012207,9.353034019470215,-0.11402255296707153,0.0,0.0,0.0,1.0
1780641116,951700535,19.205211639404297,9.354267120361328,-0.11920535564422607,0.0,0.0,0.0,1.0
1780641117,1716164,19.210060119628906,9.355342864990234,-0.1236095279455185,0.0,0.0,0.0,1.0
1780641117,51771640,19.21445655822754,9.35628890991211,-0.12724870443344116,0.0,0.0,0.0,1.0
1780641117,101692056,19.218463897705078,9.357200622558594,-0.13021518290042877,0.0,0.0,0.0,1.0
1780641117,151767644,19.22235107421875,9.358006477355957,-0.1329275369644165,0.0,0.0,0.0,1.0
1780641117,201732432,19.22664451599121,9.35869312286377,-0.13618582487106323,0.0,0.0,0.0,1.0
1780641117,251799686,19.230539321899414,9.359227180480957,-0.13897408545017242,0.0,0.0,0.0,1.0
1780641117,301739121,19.234119415283203,9.359699249267578,-0.14136773347854614,0.0,0.0,0.0,1.0
1780641117,351805079,19.238412857055664,9.360794067382812,-0.14372172951698303,0.0,0.0,0.0,1.0
1780641117,401775960,19.24225616455078,9.361717224121094,-0.14550316333770752,0.0,0.0,0.0,1.0
1780641117,451839769,19.245813369750977,9.362456321716309,-0.14693160355091095,0.0,0.0,0.0,1.0
1780641117,501809928,19.24905776977539,9.363077163696289,-0.14803455770015717,0.0,0.0,0.0,1.0
1780641117,551860922,19.253543853759766,9.364852905273438,-0.14816762506961823,0.0,0.0,0.0,1.0
1780641117,601816821,19.25748634338379,9.366455078125,-0.1479301005601883,0.0,0.0,0.0,1.0
1780641117,651892094,19.26104164123535,9.3678617477417,-0.14749810099601746,0.0,0.0,0.0,1.0
1780641117,701830362,19.264366149902344,9.369081497192383,-0.14706985652446747,0.0,0.0,0.0,1.0
1780641117,751858300,19.26939582824707,9.370428085327148,-0.1451016068458557,0.0,0.0,0.0,1.0
1780641117,801834533,19.273889541625977,9.371453285217285,-0.14318877458572388,0.0,0.0,0.0,1.0
1780641117,851918103,19.2781982421875,9.372443199157715,-0.1416630893945694,0.0,0.0,0.0,1.0
1780641117,901865723,19.28275489807129,9.373538970947266,-0.13992707431316376,0.0,0.0,0.0,1.0
1780641117,951912921,19.28870964050293,9.37516975402832,-0.13806085288524628,0.0,0.0,0.0,1.0
1780641118,1873059,19.29489517211914,9.376358985900879,-0.13602246344089508,0.0,0.0,0.0,1.0
1780641118,51973215,19.30104637145996,9.376765251159668,-0.13366633653640747,0.0,0.0,0.0,1.0
1780641118,101899662,19.307323455810547,9.37630844116211,-0.1300164759159088,0.0,0.0,0.0,1.0
1780641118,151934168,19.31429672241211,9.375016212463379,-0.12425138801336288,0.0,0.0,0.0,1.0
1780641118,201923524,19.32279396057129,9.373100280761719,-0.11524219065904617,0.0,0.0,0.0,1.0
1780641118,251946418,19.331499099731445,9.370162010192871,-0.10436849296092987,0.0,0.0,0.0,1.0
1780641118,301923200,19.340255737304688,9.366304397583008,-0.09142103046178818,0.0,0.0,0.0,1.0
1780641118,351978280,19.350845336914062,9.360321998596191,-0.0740489512681961,0.0,0.0,0.0,1.0
1780641118,401927654,19.361377716064453,9.353264808654785,-0.05502055585384369,0.0,0.0,0.0,1.0
1780641118,452036069,19.37163734436035,9.345396041870117,-0.03474341332912445,0.0,0.0,0.0,1.0
1780641118,501938238,19.381797790527344,9.336593627929688,-0.012264435179531574,0.0,0.0,0.0,1.0
1780641118,552017393,19.395532608032227,9.329269409179688,0.009908577427268028,0.0,0.0,0.0,1.0
1780641118,602043028,19.40955352783203,9.32130241394043,0.03271505981683731,0.0,0.0,0.0,1.0
1780641118,652052941,19.42287254333496,9.31274700164795,0.05799794942140579,0.0,0.0,0.0,1.0
1780641118,701989388,19.434518814086914,9.304788589477539,0.0851302295923233,0.0,0.0,0.0,1.0
1780641118,752085192,19.445152282714844,9.295156478881836,0.11757048219442368,0.0,0.0,0.0,1.0
1780641118,802090141,19.455472946166992,9.285676956176758,0.15226024389266968,0.0,0.0,0.0,1.0
1780641118,852081312,19.465465545654297,9.276820182800293,0.18867114186286926,0.0,0.0,0.0,1.0
1780641118,902014870,19.475074768066406,9.268733024597168,0.2281736433506012,0.0,0.0,0.0,1.0
1780641118,952122582,19.48391342163086,9.264924049377441,0.2663692533969879,0.0,0.0,0.0,1.0
1780641119,2061194,19.491744995117188,9.261906623840332,0.3075500726699829,0.0,0.0,0.0,1.0
1780641119,52135047,19.498083114624023,9.259910583496094,0.3508530259132385,0.0,0.0,0.0,1.0
1780641119,102093434,19.502742767333984,9.258824348449707,0.39679068326950073,0.0,0.0,0.0,1.0
1780641119,152125193,19.505535125732422,9.25975227355957,0.4419068992137909,0.0,0.0,0.0,1.0
1780641119,202105877,19.50637435913086,9.262397766113281,0.48643237352371216,0.0,0.0,0.0,1.0
1780641119,252179415,19.50533103942871,9.265517234802246,0.535492479801178,0.0,0.0,0.0,1.0
1780641119,302096208,19.502548217773438,9.268987655639648,0.5896524786949158,0.0,0.0,0.0,1.0
1780641119,352174691,19.498411178588867,9.270931243896484,0.637104868888855,0.0,0.0,0.0,1.0
1780641119,402083465,19.492923736572266,9.27295970916748,0.6897871494293213,0.0,0.0,0.0,1.0
1780641119,452201857,19.48614501953125,9.274896621704102,0.7476793527603149,0.0,0.0,0.0,1.0
1780641119,502143650,19.478771209716797,9.276620864868164,0.8077347874641418,0.0,0.0,0.0,1.0
1780641119,552199114,19.472394943237305,9.279061317443848,0.8751305341720581,0.0,0.0,0.0,1.0
1780641119,602160464,19.46561622619629,9.28106689453125,0.9444814324378967,0.0,0.0,0.0,1.0
1780641119,652210150,19.45851707458496,9.282699584960938,1.0160863399505615,0.0,0.0,0.0,1.0
1780641119,702156814,19.45115852355957,9.284008026123047,1.0919607877731323,0.0,0.0,0.0,1.0
1780641119,752255557,19.44609260559082,9.285653114318848,1.1747938394546509,0.0,0.0,0.0,1.0
1780641119,802201758,19.440231323242188,9.286839485168457,1.2570537328720093,0.0,0.0,0.0,1.0
1780641119,852208590,19.434295654296875,9.287867546081543,1.3369537591934204,0.0,0.0,0.0,1.0
1780641119,903176729,19.428844451904297,9.28903579711914,1.4164994955062866,0.0,0.0,0.0,1.0
1780641119,952264627,19.42513656616211,9.290705680847168,1.4943379163742065,0.0,0.0,0.0,1.0
1780641120,2246531,19.42092514038086,9.292657852172852,1.5699405670166016,0.0,0.0,0.0,1.0
1780641120,52302879,19.416173934936523,9.295105934143066,1.645110845565796,0.0,0.0,0.0,1.0
1780641120,102218871,19.411001205444336,9.298078536987305,1.7181771993637085,0.0,0.0,0.0,1.0
1780641120,152316646,19.405752182006836,9.302535057067871,1.7871357202529907,0.0,0.0,0.0,1.0
1780641120,202273454,19.40042495727539,9.308320999145508,1.8510451316833496,0.0,0.0,0.0,1.0
1780641120,252329543,19.394569396972656,9.314684867858887,1.914286494255066,0.0,0.0,0.0,1.0
1780641120,302277813,19.388240814208984,9.322866439819336,1.9747142791748047,0.0,0.0,0.0,1.0
1780641120,352408701,19.381481170654297,9.334980964660645,2.029271364212036,0.0,0.0,0.0,1.0
1780641120,402318637,19.374351501464844,9.347221374511719,2.082073450088501,0.0,0.0,0.0,1.0
1780641120,452368929,19.366857528686523,9.359721183776855,2.134026288986206,0.0,0.0,0.0,1.0
1780641120,502343071,19.359275817871094,9.372652053833008,2.1841721534729004,0.0,0.0,0.0,1.0
1780641120,552371251,19.351411819458008,9.386881828308105,2.233757495880127,0.0,0.0,0.0,1.0
1780641120,602309763,19.343612670898438,9.40076732635498,2.2808802127838135,0.0,0.0,0.0,1.0
1780641120,652415593,19.335926055908203,9.414412498474121,2.3262405395507812,0.0,0.0,0.0,1.0
1780641120,702374124,19.32912826538086,9.428494453430176,2.3708672523498535,0.0,0.0,0.0,1.0
1780641120,752459046,19.324745178222656,9.443854331970215,2.4153711795806885,0.0,0.0,0.0,1.0
1780641120,802363501,19.320409774780273,9.458434104919434,2.458138942718506,0.0,0.0,0.0,1.0
1780641120,852420923,19.316274642944336,9.472146034240723,2.498729944229126,0.0,0.0,0.0,1.0
1780641120,902405528,19.312700271606445,9.485904693603516,2.5373551845550537,0.0,0.0,0.0,1.0
1780641120,952490562,19.310344696044922,9.501108169555664,2.5730886459350586,0.0,0.0,0.0,1.0
1780641121,2477072,19.308225631713867,9.514840126037598,2.6063897609710693,0.0,0.0,0.0,1.0
1780641121,52531916,19.306289672851562,9.527393341064453,2.6383872032165527,0.0,0.0,0.0,1.0
1780641121,102421312,19.304729461669922,9.538650512695312,2.6685400009155273,0.0,0.0,0.0,1.0
1780641121,152497564,19.304113388061523,9.54924201965332,2.697115182876587,0.0,0.0,0.0,1.0
1780641121,202491054,19.305410385131836,9.560093879699707,2.7242863178253174,0.0,0.0,0.0,1.0
1780641121,252525102,19.30685806274414,9.569535255432129,2.749894857406616,0.0,0.0,0.0,1.0
1780641121,302484369,19.309236526489258,9.577873229980469,2.774383068084717,0.0,0.0,0.0,1.0
1780641121,352533398,19.313751220703125,9.585165977478027,2.7977585792541504,0.0,0.0,0.0,1.0
1780641121,402505129,19.31809425354004,9.590960502624512,2.8199524879455566,0.0,0.0,0.0,1.0
1780641121,452565992,19.322343826293945,9.595293998718262,2.8403568267822266,0.0,0.0,0.0,1.0
1780641121,502476517,19.326738357543945,9.599140167236328,2.8592188358306885,0.0,0.0,0.0,1.0
1780641121,552554677,19.331438064575195,9.6038818359375,2.8756508827209473,0.0,0.0,0.0,1.0
1780641121,602529037,19.335960388183594,9.607383728027344,2.8910579681396484,0.0,0.0,0.0,1.0
1780641121,652620326,19.340314865112305,9.609793663024902,2.904223918914795,0.0,0.0,0.0,1.0
1780641121,702569908,19.34511375427246,9.610322952270508,2.9158289432525635,0.0,0.0,0.0,1.0
1780641121,752583140,19.35108757019043,9.606974601745605,2.9264297485351562,0.0,0.0,0.0,1.0
1780641121,802571149,19.356578826904297,9.602222442626953,2.934908390045166,0.0,0.0,0.0,1.0
1780641121,852622604,19.36167335510254,9.596222877502441,2.9413702487945557,0.0,0.0,0.0,1.0
1780641121,902608298,19.367206573486328,9.590147972106934,2.9452691078186035,0.0,0.0,0.0,1.0
1780641121,952671606,19.37451171875,9.586027145385742,2.946336269378662,0.0,0.0,0.0,1.0
1780641122,2619651,19.381216049194336,9.581127166748047,2.9456000328063965,0.0,0.0,0.0,1.0
1780641122,52676864,19.38743782043457,9.575517654418945,2.943718910217285,0.0,0.0,0.0,1.0
1780641122,102615943,19.393129348754883,9.569401741027832,2.9409613609313965,0.0,0.0,0.0,1.0
1780641122,152680859,19.399166107177734,9.56319808959961,2.937255859375,0.0,0.0,0.0,1.0
1780641122,202672087,19.406932830810547,9.557483673095703,2.9326140880584717,0.0,0.0,0.0,1.0
1780641122,252703650,19.414066314697266,9.55128002166748,2.927218437194824,0.0,0.0,0.0,1.0
1780641122,302664656,19.421306610107422,9.545778274536133,2.9209461212158203,0.0,0.0,0.0,1.0
1780641122,352655532,19.430131912231445,9.542447090148926,2.9129927158355713,0.0,0.0,0.0,1.0
1780641122,402644390,19.438091278076172,9.538694381713867,2.904994487762451,0.0,0.0,0.0,1.0
1780641122,452747900,19.4453182220459,9.534370422363281,2.8968453407287598,0.0,0.0,0.0,1.0
1780641122,502705331,19.45201301574707,9.529871940612793,2.8891713619232178,0.0,0.0,0.0,1.0
1780641122,552751820,19.45833396911621,9.525322914123535,2.88244891166687,0.0,0.0,0.0,1.0
1780641122,602717085,19.463842391967773,9.520118713378906,2.876030206680298,0.0,0.0,0.0,1.0
1780641122,652759444,19.46851921081543,9.51443862915039,2.8700923919677734,0.0,0.0,0.0,1.0
1780641122,702720431,19.472753524780273,9.509552955627441,2.8650014400482178,0.0,0.0,0.0,1.0
1780641122,752777162,19.47694969177246,9.507786750793457,2.861342430114746,0.0,0.0,0.0,1.0
1780641122,802734815,19.48026466369629,9.505428314208984,2.8581857681274414,0.0,0.0,0.0,1.0
1780641122,852800490,19.482704162597656,9.502618789672852,2.8555197715759277,0.0,0.0,0.0,1.0
1780641122,902817682,19.484424591064453,9.499286651611328,2.853332757949829,0.0,0.0,0.0,1.0
1780641122,952796336,19.48659896850586,9.499336242675781,2.851036548614502,0.0,0.0,0.0,1.0
1780641123,2785528,19.4879093170166,9.498520851135254,2.849461078643799,0.0,0.0,0.0,1.0
1780641123,52852184,19.48842430114746,9.497079849243164,2.84848952293396,0.0,0.0,0.0,1.0
1780641123,102830984,19.488222122192383,9.495186805725098,2.848050117492676,0.0,0.0,0.0,1.0
1780641123,152819489,19.48736572265625,9.492852210998535,2.848013162612915,0.0,0.0,0.0,1.0
1780641123,202870365,19.488712310791016,9.491015434265137,2.8471555709838867,0.0,0.0,0.0,1.0
1780641123,252830054,19.489179611206055,9.488763809204102,2.846679925918579,0.0,0.0,0.0,1.0
1780641123,302869245,19.48872184753418,9.486109733581543,2.846709728240967,0.0,0.0,0.0,1.0
1780641123,352899880,19.48987579345703,9.48573112487793,2.8455843925476074,0.0,0.0,0.0,1.0
1780641123,402874921,19.48997688293457,9.48471736907959,2.8455991744995117,0.0,0.0,0.0,1.0
1780641123,451840436,19.48917007446289,9.483357429504395,2.8461005687713623,0.0,0.0,0.0,1.0
1780641123,502893615,19.48747444152832,9.481718063354492,2.847038745880127,0.0,0.0,0.0,1.0
1780641123,551840483,19.48457908630371,9.484560012817383,2.84623384475708,0.0,0.0,0.0,1.0
1780641123,601864803,19.480789184570312,9.486857414245605,2.8480138778686523,0.0,0.0,0.0,1.0
1780641123,651919994,19.476091384887695,9.488595962524414,2.8499467372894287,0.0,0.0,0.0,1.0
1780641123,702863559,19.470624923706055,9.48984146118164,2.8517541885375977,0.0,0.0,0.0,1.0
1780641123,751915614,19.469728469848633,9.493637084960938,2.854412794113159,0.0,0.0,0.0,1.0
1780641123,801906656,19.467967987060547,9.49665641784668,2.8582468032836914,0.0,0.0,0.0,1.0
1780641123,851955717,19.4653263092041,9.498835563659668,2.861790418624878,0.0,0.0,0.0,1.0
1780641123,902907764,19.462169647216797,9.500207901000977,2.8653295040130615,0.0,0.0,0.0,1.0
1780641123,951964615,19.460342407226562,9.502179145812988,2.8714041709899902,0.0,0.0,0.0,1.0
1780641124,2266665,19.45792007446289,9.503081321716309,2.877223491668701,0.0,0.0,0.0,1.0
1780641124,51997590,19.45481300354004,9.502852439880371,2.882441997528076,0.0,0.0,0.0,1.0
1780641124,101949593,19.451322555541992,9.501605033874512,2.888136386871338,0.0,0.0,0.0,1.0
1780641124,152918731,19.447498321533203,9.499393463134766,2.893038511276245,0.0,0.0,0.0,1.0
1780641124,201773337,19.44551658630371,9.501636505126953,2.8985280990600586,0.0,0.0,0.0,1.0
1780641124,252028809,19.44314193725586,9.502533912658691,2.903294801712036,0.0,0.0,0.0,1.0
1780641124,302797646,19.44054412841797,9.502284049987793,2.90922474861145,0.0,0.0,0.0,1.0
1780641124,352012057,19.43921661376953,9.503544807434082,2.914410352706909,0.0,0.0,0.0,1.0
1780641124,401944615,19.43757438659668,9.503607749938965,2.9200499057769775,0.0,0.0,0.0,1.0
1780641124,451988045,19.43551254272461,9.502448081970215,2.924790143966675,0.0,0.0,0.0,1.0
1780641124,502935886,19.433244705200195,9.500412940979004,2.9304046630859375,0.0,0.0,0.0,1.0
1780641124,551999219,19.434310913085938,9.497916221618652,2.9352469444274902,0.0,0.0,0.0,1.0
1780641124,602900652,19.43568229675293,9.49519157409668,2.9414706230163574,0.0,0.0,0.0,1.0
1780641124,653253127,19.43564796447754,9.49112319946289,2.945237398147583,0.0,0.0,0.0,1.0
1780641124,703352503,19.435457229614258,9.486971855163574,2.9483299255371094,0.0,0.0,0.0,1.0
1780641124,753412175,19.43558692932129,9.48410415649414,2.950974941253662,0.0,0.0,0.0,1.0
1780641124,803363178,19.435420989990234,9.480398178100586,2.953174591064453,0.0,0.0,0.0,1.0
1780641124,853382552,19.435142517089844,9.476125717163086,2.9546830654144287,0.0,0.0,0.0,1.0
1780641124,903407927,19.435150146484375,9.472478866577148,2.9555344581604004,0.0,0.0,0.0,1.0
1780641124,953325114,19.436166763305664,9.4716215133667,2.9549179077148438,0.0,0.0,0.0,1.0
1780641125,3439231,19.436790466308594,9.469778060913086,2.953695297241211,0.0,0.0,0.0,1.0
1780641125,53395605,19.437021255493164,9.467134475708008,2.9518063068389893,0.0,0.0,0.0,1.0
1780641125,103390405,19.437015533447266,9.463936805725098,2.9492998123168945,0.0,0.0,0.0,1.0
1780641125,153370445,19.437694549560547,9.463144302368164,2.944098711013794,0.0,0.0,0.0,1.0
1780641125,203383745,19.43838882446289,9.462583541870117,2.9383468627929688,0.0,0.0,0.0,1.0
1780641125,253361378,19.438743591308594,9.46131420135498,2.9324569702148438,0.0,0.0,0.0,1.0
1780641125,303441217,19.439041137695312,9.46002197265625,2.926166296005249,0.0,0.0,0.0,1.0
1780641125,353443628,19.43959617614746,9.459638595581055,2.9186313152313232,0.0,0.0,0.0,1.0
1780641125,403385167,19.439668655395508,9.45859432220459,2.911534547805786,0.0,0.0,0.0,1.0
1780641125,453457857,19.439258575439453,9.456893920898438,2.9047610759735107,0.0,0.0,0.0,1.0
1780641125,503492121,19.43907356262207,9.455317497253418,2.897266149520874,0.0,0.0,0.0,1.0
1780641125,553409123,19.44011688232422,9.455422401428223,2.8871943950653076,0.0,0.0,0.0,1.0
1780641125,603491610,19.440385818481445,9.454827308654785,2.8783445358276367,0.0,0.0,0.0,1.0
1780641125,653498613,19.44003677368164,9.45376205444336,2.870445966720581,0.0,0.0,0.0,1.0
1780641125,703155331,19.43952178955078,9.452832221984863,2.8623952865600586,0.0,0.0,0.0,1.0
1780641125,753519991,19.439815521240234,9.453246116638184,2.852442979812622,0.0,0.0,0.0,1.0
1780641125,803476420,19.43930435180664,9.453022003173828,2.8440866470336914,0.0,0.0,0.0,1.0
1780641125,853543684,19.4381046295166,9.452215194702148,2.8370020389556885,0.0,0.0,0.0,1.0
1780641125,903481853,19.436363220214844,9.451316833496094,2.830399513244629,0.0,0.0,0.0,1.0
1780641125,953522209,19.434295654296875,9.451162338256836,2.822688102722168,0.0,0.0,0.0,1.0
1780641126,3565029,19.43160057067871,9.450409889221191,2.8165881633758545,0.0,0.0,0.0,1.0
1780641126,53505625,19.42847442626953,9.44929313659668,2.8118605613708496,0.0,0.0,0.0,1.0
1780641126,103577168,19.424850463867188,9.44781494140625,2.8085379600524902,0.0,0.0,0.0,1.0
1780641126,153555765,19.42120361328125,9.446942329406738,2.8059253692626953,0.0,0.0,0.0,1.0
1780641126,203580955,19.417457580566406,9.447921752929688,2.803257942199707,0.0,0.0,0.0,1.0
1780641126,253550070,19.413299560546875,9.448416709899902,2.8018198013305664,0.0,0.0,0.0,1.0
1780641126,303584538,19.40840721130371,9.449393272399902,2.8011116981506348,0.0,0.0,0.0,1.0
1780641126,353645228,19.401857376098633,9.452152252197266,2.7999842166900635,0.0,0.0,0.0,1.0
1780641126,403570065,19.39508056640625,9.454263687133789,2.8001503944396973,0.0,0.0,0.0,1.0
1780641126,453618348,19.38800811767578,9.455766677856445,2.801260471343994,0.0,0.0,0.0,1.0
1780641126,503596889,19.38136863708496,9.456830024719238,2.804978847503662,0.0,0.0,0.0,1.0
1780641126,553620023,19.37632179260254,9.457829475402832,2.813035488128662,0.0,0.0,0.0,1.0
1780641126,603586582,19.37067222595215,9.458038330078125,2.8210701942443848,0.0,0.0,0.0,1.0
1780641126,653675107,19.364599227905273,9.457487106323242,2.828585386276245,0.0,0.0,0.0,1.0
1780641126,703597202,19.35849952697754,9.4567232131958,2.8377084732055664,0.0,0.0,0.0,1.0
1780641126,753804396,19.35271644592285,9.456659317016602,2.8519387245178223,0.0,0.0,0.0,1.0
1780641126,802698710,19.34646987915039,9.455646514892578,2.864933729171753,0.0,0.0,0.0,1.0
1780641126,853669013,19.34004020690918,9.45378589630127,2.876650333404541,0.0,0.0,0.0,1.0
1780641126,903650536,19.33307647705078,9.451528549194336,2.8883960247039795,0.0,0.0,0.0,1.0
1780641126,953637318,19.325542449951172,9.449593544006348,2.9016988277435303,0.0,0.0,0.0,1.0
1780641127,2848138,19.31793212890625,9.447178840637207,2.9137189388275146,0.0,0.0,0.0,1.0
1780641127,53668589,19.310317993164062,9.444334030151367,2.924252986907959,0.0,0.0,0.0,1.0
1780641127,103690725,19.303068161010742,9.441365242004395,2.9334754943847656,0.0,0.0,0.0,1.0
1780641127,153877475,19.296600341796875,9.438614845275879,2.941128969192505,0.0,0.0,0.0,1.0
1780641127,202797663,19.29145050048828,9.436634063720703,2.9470229148864746,0.0,0.0,0.0,1.0
1780641127,253747077,19.28653907775879,9.43506908416748,2.9522931575775146,0.0,0.0,0.0,1.0
1780641127,303899679,19.282466888427734,9.434183120727539,2.956785202026367,0.0,0.0,0.0,1.0
1780641127,353728811,19.2800235748291,9.434133529663086,2.959259271621704,0.0,0.0,0.0,1.0
1780641127,402794946,19.27781105041504,9.434637069702148,2.961374282836914,0.0,0.0,0.0,1.0
1780641127,452796897,19.27591896057129,9.435765266418457,2.962629556655884,0.0,0.0,0.0,1.0
1780641127,503749200,19.274309158325195,9.43726634979248,2.9627199172973633,0.0,0.0,0.0,1.0
1780641127,553766836,19.273101806640625,9.438577651977539,2.961304187774658,0.0,0.0,0.0,1.0
1780641127,602820971,19.27206039428711,9.440583229064941,2.959555149078369,0.0,0.0,0.0,1.0
1780641127,652838570,19.27115249633789,9.443024635314941,2.95703125,0.0,0.0,0.0,1.0
1780641127,703784484,19.27051544189453,9.445563316345215,2.9541077613830566,0.0,0.0,0.0,1.0
1780641127,752871823,19.270423889160156,9.447816848754883,2.9510133266448975,0.0,0.0,0.0,1.0
1780641127,802870236,19.270288467407227,9.449981689453125,2.9476966857910156,0.0,0.0,0.0,1.0
1780641127,852864557,19.270198822021484,9.452016830444336,2.9437272548675537,0.0,0.0,0.0,1.0
1780641127,903836379,19.270069122314453,9.453344345092773,2.939466714859009,0.0,0.0,0.0,1.0
1780641127,952887199,19.269771575927734,9.453145980834961,2.9353182315826416,0.0,0.0,0.0,1.0
1780641128,2866242,19.269817352294922,9.452722549438477,2.93109130859375,0.0,0.0,0.0,1.0
1780641128,52866604,19.270214080810547,9.451936721801758,2.926835060119629,0.0,0.0,0.0,1.0
1780641128,102873872,19.270978927612305,9.450723648071289,2.9228224754333496,0.0,0.0,0.0,1.0
1780641128,153907604,19.272058486938477,9.44901180267334,2.9187591075897217,0.0,0.0,0.0,1.0
1780641128,202883092,19.27313804626465,9.446670532226562,2.914705753326416,0.0,0.0,0.0,1.0
1780641128,252947250,19.274789810180664,9.443936347961426,2.9109065532684326,0.0,0.0,0.0,1.0
1780641128,303877832,19.27651023864746,9.440537452697754,2.907637119293213,0.0,0.0,0.0,1.0
1780641128,353166568,19.277128219604492,9.435903549194336,2.905534505844116,0.0,0.0,0.0,1.0
1780641128,402701512,19.278461456298828,9.431282043457031,2.9036571979522705,0.0,0.0,0.0,1.0
1780641128,452951581,19.2802734375,9.426850318908691,2.9018261432647705,0.0,0.0,0.0,1.0
1780641128,503742049,19.282148361206055,9.422158241271973,2.900449752807617,0.0,0.0,0.0,1.0
1780641128,552656795,19.283321380615234,9.416434288024902,2.9002575874328613,0.0,0.0,0.0,1.0
1780641128,602957273,19.284875869750977,9.411510467529297,2.9001080989837646,0.0,0.0,0.0,1.0
1780641128,653205842,19.286678314208984,9.40738296508789,2.89998459815979,0.0,0.0,0.0,1.0
1780641128,703985180,19.287744522094727,9.403660774230957,2.9005088806152344,0.0,0.0,0.0,1.0
1780641128,753125838,19.286888122558594,9.399784088134766,2.9014127254486084,0.0,0.0,0.0,1.0
1780641128,802987955,19.286157608032227,9.396866798400879,2.902872323989868,0.0,0.0,0.0,1.0
1780641128,852998316,19.285564422607422,9.39484691619873,2.9043195247650146,0.0,0.0,0.0,1.0
1780641128,904034085,19.284486770629883,9.39312744140625,2.9064884185791016,0.0,0.0,0.0,1.0
1780641128,953143650,19.281795501708984,9.390678405761719,2.9101510047912598,0.0,0.0,0.0,1.0
1780641129,3152085,19.279550552368164,9.38879680633545,2.9135806560516357,0.0,0.0,0.0,1.0
1780641129,53038392,19.277664184570312,9.38740348815918,2.916686534881592,0.0,0.0,0.0,1.0
1780641129,103076812,19.27613639831543,9.386242866516113,2.9197590351104736,0.0,0.0,0.0,1.0
1780641129,154215493,19.27434730529785,9.384851455688477,2.9219183921813965,0.0,0.0,0.0,1.0
1780641129,203164671,19.271493911743164,9.382574081420898,2.9227893352508545,0.0,0.0,0.0,1.0
1780641129,253216795,19.269437789916992,9.380326271057129,2.9232394695281982,0.0,0.0,0.0,1.0
1780641129,304234640,19.267581939697266,9.377796173095703,2.924251079559326,0.0,0.0,0.0,1.0
1780641129,354431100,19.26506233215332,9.374540328979492,2.9265058040618896,0.0,0.0,0.0,1.0
1780641129,403153199,19.263532638549805,9.371092796325684,2.9284794330596924,0.0,0.0,0.0,1.0
1780641129,452747889,19.262901306152344,9.367534637451172,2.9300003051757812,0.0,0.0,0.0,1.0
1780641129,503758345,19.262874603271484,9.363238334655762,2.9319236278533936,0.0,0.0,0.0,1.0
1780641129,553159512,19.26302719116211,9.357193946838379,2.9349558353424072,0.0,0.0,0.0,1.0
1780641129,603213581,19.26412582397461,9.351461410522461,2.937678098678589,0.0,0.0,0.0,1.0
1780641129,653249204,19.266101837158203,9.346014976501465,2.9398415088653564,0.0,0.0,0.0,1.0
1780641129,704224660,19.268190383911133,9.340599060058594,2.9425342082977295,0.0,0.0,0.0,1.0
1780641129,752719329,19.268983840942383,9.33488941192627,2.946229934692383,0.0,0.0,0.0,1.0
1780641129,803292759,19.270978927612305,9.329795837402344,2.9494893550872803,0.0,0.0,0.0,1.0
1780641129,852831707,19.27399444580078,9.325427055358887,2.952117443084717,0.0,0.0,0.0,1.0
1780641129,904246819,19.277545928955078,9.321493148803711,2.9546022415161133,0.0,0.0,0.0,1.0
1780641129,952830601,19.28084945678711,9.31774616241455,2.9569318294525146,0.0,0.0,0.0,1.0
1780641130,3258880,19.285240173339844,9.314627647399902,2.9592299461364746,0.0,0.0,0.0,1.0
1780641130,53244026,19.290435791015625,9.312189102172852,2.9611012935638428,0.0,0.0,0.0,1.0
1780641130,102811960,19.296504974365234,9.310340881347656,2.962916851043701,0.0,0.0,0.0,1.0
1780641130,154010090,19.302221298217773,9.308692932128906,2.964083433151245,0.0,0.0,0.0,1.0
1780641130,203263463,19.306081771850586,9.306538581848145,2.9644720554351807,0.0,0.0,0.0,1.0
1780641130,252966863,19.31072998046875,9.304988861083984,2.9646565914154053,0.0,0.0,0.0,1.0
1780641130,302988509,19.315418243408203,9.3033447265625,2.9646918773651123,0.0,0.0,0.0,1.0
1780641130,352955709,19.31805992126465,9.300544738769531,2.9636318683624268,0.0,0.0,0.0,1.0
1780641130,403006985,19.32169532775879,9.298358917236328,2.9628219604492188,0.0,0.0,0.0,1.0
1780641130,452998890,19.326278686523438,9.296727180480957,2.9617919921875,0.0,0.0,0.0,1.0
1780641130,503002295,19.331558227539062,9.295614242553711,2.9609575271606445,0.0,0.0,0.0,1.0
1780641130,552991366,19.332698822021484,9.29409122467041,2.9597973823547363,0.0,0.0,0.0,1.0
1780641130,603017234,19.334800720214844,9.293135643005371,2.9586429595947266,0.0,0.0,0.0,1.0
1780641130,653066603,19.33781623840332,9.292678833007812,2.957695484161377,0.0,0.0,0.0,1.0
1780641130,703086101,19.34140396118164,9.292641639709473,2.9569945335388184,0.0,0.0,0.0,1.0
1780641130,753081950,19.343042373657227,9.289934158325195,2.9545443058013916,0.0,0.0,0.0,1.0
1780641130,803066132,19.345592498779297,9.288012504577637,2.9521517753601074,0.0,0.0,0.0,1.0
1780641130,853105149,19.34882164001465,9.28679084777832,2.9500572681427,0.0,0.0,0.0,1.0
1780641130,903110720,19.352460861206055,9.28618335723877,2.9482858180999756,0.0,0.0,0.0,1.0
1780641130,953156996,19.353317260742188,9.2838773727417,2.94732403755188,0.0,0.0,0.0,1.0
1780641131,3119493,19.35487174987793,9.282416343688965,2.946457624435425,0.0,0.0,0.0,1.0
1780641131,53125737,19.35686683654785,9.28162956237793,2.94578218460083,0.0,0.0,0.0,1.0
1780641131,103127277,19.35916519165039,9.28141975402832,2.9452192783355713,0.0,0.0,0.0,1.0
1780641131,153165706,19.361717224121094,9.281669616699219,2.9449548721313477,0.0,0.0,0.0,1.0
1780641131,203140911,19.361312866210938,9.2803373336792,2.9452428817749023,0.0,0.0,0.0,1.0
1780641131,253143469,19.36141014099121,9.279645919799805,2.9454751014709473,0.0,0.0,0.0,1.0
1780641131,303159342,19.36190414428711,9.279519081115723,2.945559024810791,0.0,0.0,0.0,1.0
1780641131,353203049,19.36063003540039,9.278573036193848,2.947054862976074,0.0,0.0,0.0,1.0
1780641131,403145458,19.359975814819336,9.27820110321045,2.9482626914978027,0.0,0.0,0.0,1.0
1780641131,453158405,19.35980987548828,9.278258323669434,2.9487905502319336,0.0,0.0,0.0,1.0
1780641131,503138536,19.36014747619629,9.278778076171875,2.9491775035858154,0.0,0.0,0.0,1.0
1780641131,553186410,19.35948944091797,9.276954650878906,2.949068784713745,0.0,0.0,0.0,1.0
1780641131,603142763,19.359285354614258,9.275733947753906,2.948850631713867,0.0,0.0,0.0,1.0
1780641131,653167340,19.359474182128906,9.275022506713867,2.9478812217712402,0.0,0.0,0.0,1.0
1780641131,703259251,19.359952926635742,9.274696350097656,2.947462558746338,0.0,0.0,0.0,1.0
1780641131,753216697,19.35930824279785,9.272875785827637,2.946791887283325,0.0,0.0,0.0,1.0
1780641131,803207199,19.3592472076416,9.2716703414917,2.9457576274871826,0.0,0.0,0.0,1.0
1780641131,853309240,19.35955810546875,9.270838737487793,2.9442684650421143,0.0,0.0,0.0,1.0
1780641131,903219575,19.360212326049805,9.270427703857422,2.9427201747894287,0.0,0.0,0.0,1.0
1780641131,953287023,19.36020278930664,9.268034934997559,2.941265344619751,0.0,0.0,0.0,1.0
1780641132,3284654,19.36056137084961,9.266186714172363,2.9401090145111084,0.0,0.0,0.0,1.0
1780641132,53272404,19.36121368408203,9.264735221862793,2.9383974075317383,0.0,0.0,0.0,1.0
1780641132,103266634,19.36206817626953,9.26347827911377,2.9373273849487305,0.0,0.0,0.0,1.0
1780641132,153318180,19.3630313873291,9.262364387512207,2.935861825942993,0.0,0.0,0.0,1.0
1780641132,203317022,19.362178802490234,9.258879661560059,2.933502197265625,0.0,0.0,0.0,1.0
1780641132,253304844,19.362266540527344,9.256667137145996,2.930802822113037,0.0,0.0,0.0,1.0
1780641132,303303186,19.362001419067383,9.254470825195312,2.9289932250976562,0.0,0.0,0.0,1.0
1780641132,353375880,19.36029052734375,9.252019882202148,2.9289181232452393,0.0,0.0,0.0,1.0
1780641132,403331295,19.359195709228516,9.250060081481934,2.928591728210449,0.0,0.0,0.0,1.0
1780641132,453343247,19.35867691040039,9.24846363067627,2.928131580352783,0.0,0.0,0.0,1.0
1780641132,503340570,19.35808753967285,9.246975898742676,2.927521228790283,0.0,0.0,0.0,1.0
1780641132,553331189,19.356395721435547,9.245255470275879,2.925502061843872,0.0,0.0,0.0,1.0
1780641132,601348736,19.355342864990234,9.244064331054688,2.9236061573028564,0.0,0.0,0.0,1.0
1780641132,651348736,19.35468864440918,9.243361473083496,2.9218528270721436,0.0,0.0,0.0,1.0
1780641132,701358464,19.354196548461914,9.242731094360352,2.9200005531311035,0.0,0.0,0.0,1.0
1780641132,751358464,19.353578567504883,9.24156665802002,2.9167869091033936,0.0,0.0,0.0,1.0
1780641132,801365376,19.353374481201172,9.241147994995117,2.9141719341278076,0.0,0.0,0.0,1.0
1780641132,851365376,19.35344696044922,9.241327285766602,2.911839008331299,0.0,0.0,0.0,1.0
1780641132,901374592,19.353303909301758,9.241620063781738,2.9098594188690186,0.0,0.0,0.0,1.0
1780641132,951374592,19.352331161499023,9.241397857666016,2.907003164291382,0.0,0.0,0.0,1.0
1780641133,1383808,19.35158348083496,9.241913795471191,2.905059814453125,0.0,0.0,0.0,1.0
1780641133,51383808,19.350969314575195,9.243088722229004,2.9035282135009766,0.0,0.0,0.0,1.0
1780641133,101393536,19.350446701049805,9.244901657104492,2.9027962684631348,0.0,0.0,0.0,1.0
1780641133,151393536,19.349533081054688,9.246908187866211,2.9020490646362305,0.0,0.0,0.0,1.0
1780641133,201403264,19.347553253173828,9.24863338470459,2.900975465774536,0.0,0.0,0.0,1.0
1780641133,251403264,19.345651626586914,9.250923156738281,2.9002742767333984,0.0,0.0,0.0,1.0
1780641133,301413248,19.343486785888672,9.253416061401367,2.900575876235962,0.0,0.0,0.0,1.0
1780641133,351413248,19.340330123901367,9.255544662475586,2.9018616676330566,0.0,0.0,0.0,1.0
1780641133,401422464,19.337308883666992,9.258340835571289,2.9032771587371826,0.0,0.0,0.0,1.0
1780641133,451422464,19.33431625366211,9.261569023132324,2.904592752456665,0.0,0.0,0.0,1.0
1780641133,501429120,19.33124351501465,9.264843940734863,2.905848979949951,0.0,0.0,0.0,1.0
1780641133,551429120,19.328357696533203,9.267330169677734,2.9061362743377686,0.0,0.0,0.0,1.0
1780641133,601437824,19.325227737426758,9.270354270935059,2.9070327281951904,0.0,0.0,0.0,1.0
1780641133,651437824,19.32197380065918,9.273796081542969,2.907932758331299,0.0,0.0,0.0,1.0
1780641133,701444224,19.3179988861084,9.277037620544434,2.9096081256866455,0.0,0.0,0.0,1.0
1780641133,751444224,19.312339782714844,9.27911376953125,2.912276029586792,0.0,0.0,0.0,1.0
1780641133,801451904,19.306716918945312,9.281648635864258,2.9150168895721436,0.0,0.0,0.0,1.0
1780641133,851451904,19.301074981689453,9.284754753112793,2.9172921180725098,0.0,0.0,0.0,1.0
1780641133,901459840,19.29526710510254,9.287837028503418,2.9200055599212646,0.0,0.0,0.0,1.0
1780641133,951459840,19.288801193237305,9.290242195129395,2.92382550239563,0.0,0.0,0.0,1.0
1780641134,1467776,19.282642364501953,9.293084144592285,2.9272096157073975,0.0,0.0,0.0,1.0
1780641134,51467776,19.27686882019043,9.29621410369873,2.9302008152008057,0.0,0.0,0.0,1.0
1780641134,101475712,19.27149200439453,9.299694061279297,2.9331448078155518,0.0,0.0,0.0,1.0
1780641134,151475712,19.266435623168945,9.303092002868652,2.9361326694488525,0.0,0.0,0.0,1.0
1780641134,201485184,19.261674880981445,9.305523872375488,2.9404776096343994,0.0,0.0,0.0,1.0
1780641134,251485184,19.257535934448242,9.308547973632812,2.9440369606018066,0.0,0.0,0.0,1.0
1780641134,301494656,19.254016876220703,9.311966896057129,2.9469430446624756,0.0,0.0,0.0,1.0
1780641134,351494656,19.2495059967041,9.315520286560059,2.948747158050537,0.0,0.0,0.0,1.0
1780641134,401494656,19.245851516723633,9.319436073303223,2.950162887573242,0.0,0.0,0.0,1.0
1780641134,451494656,19.243026733398438,9.323780059814453,2.9512596130371094,0.0,0.0,0.0,1.0
1780641134,501500544,19.240991592407227,9.328338623046875,2.952061176300049,0.0,0.0,0.0,1.0
1780641134,551500544,19.23888397216797,9.33331298828125,2.95040225982666,0.0,0.0,0.0,1.0
1780641134,601506688,19.23763656616211,9.338458061218262,2.948699951171875,0.0,0.0,0.0,1.0
1780641134,651506688,19.23720359802246,9.343876838684082,2.946960687637329,0.0,0.0,0.0,1.0
1780641134,701513344,19.237504959106445,9.349365234375,2.9451053142547607,0.0,0.0,0.0,1.0
1780641134,751513344,19.238122940063477,9.353307723999023,2.943220376968384,0.0,0.0,0.0,1.0
1780641134,801521792,19.23939323425293,9.357516288757324,2.9410629272460938,0.0,0.0,0.0,1.0
1780641134,852521792,19.24115562438965,9.36155891418457,2.9390764236450195,0.0,0.0,0.0,1.0
1780641134,902529216,19.24325942993164,9.3655424118042,2.937697172164917,0.0,0.0,0.0,1.0
1780641134,952529216,19.244966506958008,9.368735313415527,2.9373788833618164,0.0,0.0,0.0,1.0
1780641135,1536640,19.24700164794922,9.371882438659668,2.9370315074920654,0.0,0.0,0.0,1.0
1780641135,52536640,19.249282836914062,9.375014305114746,2.936439037322998,0.0,0.0,0.0,1.0
1780641135,101543808,19.25161361694336,9.378050804138184,2.9361367225646973,0.0,0.0,0.0,1.0
1780641135,152543808,19.25336456298828,9.380389213562012,2.9357571601867676,0.0,0.0,0.0,1.0
1780641135,202551232,19.253803253173828,9.38149642944336,2.9357409477233887,0.0,0.0,0.0,1.0
1780641135,251551232,19.254261016845703,9.382641792297363,2.935474157333374,0.0,0.0,0.0,1.0
1780641135,301558656,19.253990173339844,9.383084297180176,2.9356796741485596,0.0,0.0,0.0,1.0
1780641135,351558656,19.25196075439453,9.381782531738281,2.9363973140716553,0.0,0.0,0.0,1.0
1780641135,401566080,19.249862670898438,9.38050365447998,2.937196731567383,0.0,0.0,0.0,1.0
1780641135,451566080,19.247665405273438,9.37916088104248,2.9378764629364014,0.0,0.0,0.0,1.0
1780641135,501573760,19.244720458984375,9.377228736877441,2.9389612674713135,0.0,0.0,0.0,1.0
1780641135,551573760,19.24012565612793,9.373915672302246,2.9407691955566406,0.0,0.0,0.0,1.0
1780641135,601580672,19.23563003540039,9.37084674835205,2.9427101612091064,0.0,0.0,0.0,1.0
1780641135,651580672,19.231266021728516,9.367984771728516,2.944157600402832,0.0,0.0,0.0,1.0
1780641135,701588352,19.22657585144043,9.364996910095215,2.945573568344116,0.0,0.0,0.0,1.0
1780641135,751588352,19.220937728881836,9.361412048339844,2.9466450214385986,0.0,0.0,0.0,1.0
1780641135,801595008,19.215824127197266,9.358272552490234,2.947402238845825,0.0,0.0,0.0,1.0
1780641135,851595008,19.211273193359375,9.355524063110352,2.9476964473724365,0.0,0.0,0.0,1.0
1780641135,901602432,19.207046508789062,9.352583885192871,2.9487969875335693,0.0,0.0,0.0,1.0
1780641135,951602432,19.20279884338379,9.348843574523926,2.9511711597442627,0.0,0.0,0.0,1.0
1780641136,1610112,19.19945526123047,9.345587730407715,2.952868938446045,0.0,0.0,0.0,1.0
1780641136,51610112,19.197017669677734,9.342621803283691,2.953716516494751,0.0,0.0,0.0,1.0
1780641136,101618304,19.19548797607422,9.339815139770508,2.954022169113159,0.0,0.0,0.0,1.0
1780641136,151618304,19.194473266601562,9.336973190307617,2.9543745517730713,0.0,0.0,0.0,1.0
1780641136,201625984,19.193334579467773,9.3336763381958,2.9561104774475098,0.0,0.0,0.0,1.0
1780641136,251625984,19.19339370727539,9.330609321594238,2.956864356994629,0.0,0.0,0.0,1.0
1780641136,301633152,19.19430160522461,9.327545166015625,2.9576046466827393,0.0,0.0,0.0,1.0
1780641136,351633152,19.195545196533203,9.323989868164062,2.9598569869995117,0.0,0.0,0.0,1.0
1780641136,401640320,19.19797134399414,9.320574760437012,2.961308240890503,0.0,0.0,0.0,1.0
1780641136,451640320,19.201515197753906,9.317317008972168,2.9618887901306152,0.0,0.0,0.0,1.0
1780641136,501648512,19.205354690551758,9.3140230178833,2.962691307067871,0.0,0.0,0.0,1.0
1780641136,551648512,19.208349227905273,9.310417175292969,2.963998317718506,0.0,0.0,0.0,1.0
1780641136,601653888,19.212604522705078,9.307151794433594,2.964522361755371,0.0,0.0,0.0,1.0
1780641136,651653888,19.217987060546875,9.304183006286621,2.9643492698669434,0.0,0.0,0.0,1.0
1780641136,701661824,19.223772048950195,9.301339149475098,2.9644863605499268,0.0,0.0,0.0,1.0
1780641136,751661824,19.228910446166992,9.298169136047363,2.9653446674346924,0.0,0.0,0.0,1.0
1780641136,801668992,19.23501205444336,9.295604705810547,2.965604305267334,0.0,0.0,0.0,1.0
1780641136,851668992,19.241899490356445,9.293676376342773,2.965271472930908,0.0,0.0,0.0,1.0
1780641136,901675904,19.24885368347168,9.291958808898926,2.9654171466827393,0.0,0.0,0.0,1.0
1780641136,951675904,19.255023956298828,9.289569854736328,2.9671425819396973,0.0,0.0,0.0,1.0
1780641137,1683840,19.261493682861328,9.287976264953613,2.968381643295288,0.0,0.0,0.0,1.0
1780641137,51683840,19.268234252929688,9.287109375,2.968832015991211,0.0,0.0,0.0,1.0
1780641137,101691264,19.275127410888672,9.286831855773926,2.9686410427093506,0.0,0.0,0.0,1.0
1780641137,151691264,19.281293869018555,9.286957740783691,2.9679036140441895,0.0,0.0,0.0,1.0
1780641137,201699200,19.284975051879883,9.28701400756836,2.9670207500457764,0.0,0.0,0.0,1.0
1780641137,251699200,19.28871726989746,9.28768539428711,2.965942859649658,0.0,0.0,0.0,1.0
1780641137,301707136,19.291107177734375,9.28891372680664,2.964851140975952,0.0,0.0,0.0,1.0
1780641137,351707136,19.290454864501953,9.291014671325684,2.962883710861206,0.0,0.0,0.0,1.0
1780641137,401714816,19.28997230529785,9.293499946594238,2.9608919620513916,0.0,0.0,0.0,1.0
1780641137,451714816,19.2894344329834,9.296425819396973,2.9589028358459473,0.0,0.0,0.0,1.0
1780641137,501724288,19.28787612915039,9.2994966506958,2.9567012786865234,0.0,0.0,0.0,1.0
1780641137,551724288,19.284107208251953,9.30263614654541,2.952700138092041,0.0,0.0,0.0,1.0
1780641137,601730176,19.280353546142578,9.305875778198242,2.949197769165039,0.0,0.0,0.0,1.0
1780641137,651730176,19.276578903198242,9.309142112731934,2.945852518081665,0.0,0.0,0.0,1.0
1780641137,701737856,19.272815704345703,9.312077522277832,2.9417433738708496,0.0,0.0,0.0,1.0
1780641137,751737856,19.269302368164062,9.313732147216797,2.934814929962158,0.0,0.0,0.0,1.0
1780641137,801736832,19.265872955322266,9.315460205078125,2.9286787509918213,0.0,0.0,0.0,1.0
1780641137,851736832,19.26253890991211,9.317068099975586,2.9231302738189697,0.0,0.0,0.0,1.0
1780641137,901744256,19.258996963500977,9.318633079528809,2.9172208309173584,0.0,0.0,0.0,1.0
1780641137,951744256,19.25458335876465,9.32010269165039,2.908984661102295,0.0,0.0,0.0,1.0
1780641138,1750912,19.25065040588379,9.321328163146973,2.902369260787964,0.0,0.0,0.0,1.0
1780641138,51750912,19.247241973876953,9.322084426879883,2.8966946601867676,0.0,0.0,0.0,1.0
1780641138,101759872,19.244306564331055,9.322393417358398,2.892029285430908,0.0,0.0,0.0,1.0
1780641138,151759872,19.241907119750977,9.322107315063477,2.8873040676116943,0.0,0.0,0.0,1.0
1780641138,201767296,19.240169525146484,9.321062088012695,2.881385087966919,0.0,0.0,0.0,1.0
1780641138,251767296,19.23907470703125,9.319605827331543,2.876293182373047,0.0,0.0,0.0,1.0
1780641138,301775488,19.23859405517578,9.31750774383545,2.871920347213745,0.0,0.0,0.0,1.0
1780641138,351775488,19.238645553588867,9.314278602600098,2.8684444427490234,0.0,0.0,0.0,1.0
1780641138,401782912,19.239545822143555,9.310835838317871,2.8662688732147217,0.0,0.0,0.0,1.0
1780641138,451782912,19.241178512573242,9.30724811553955,2.8646624088287354,0.0,0.0,0.0,1.0
1780641138,501782912,19.24319839477539,9.303736686706543,2.8636600971221924,0.0,0.0,0.0,1.0
1780641138,551782912,19.245206832885742,9.300518035888672,2.862900495529175,0.0,0.0,0.0,1.0
1780641138,601788800,19.247987747192383,9.297624588012695,2.862814426422119,0.0,0.0,0.0,1.0
1780641138,651788800,19.251583099365234,9.295074462890625,2.8631088733673096,0.0,0.0,0.0,1.0
1780641138,701797248,19.255693435668945,9.29288101196289,2.863851547241211,0.0,0.0,0.0,1.0
1780641138,751797248,19.25977897644043,9.290974617004395,2.8646514415740967,0.0,0.0,0.0,1.0
1780641138,801804672,19.264484405517578,9.289689064025879,2.866399049758911,0.0,0.0,0.0,1.0
1780641138,851804672,19.269569396972656,9.289215087890625,2.8681576251983643,0.0,0.0,0.0,1.0
1780641138,901812096,19.275205612182617,9.289629936218262,2.87070894241333,0.0,0.0,0.0,1.0
1780641138,951812096,19.281171798706055,9.291221618652344,2.8743770122528076,0.0,0.0,0.0,1.0
1780641139,1812096,19.287445068359375,9.293342590332031,2.878521203994751,0.0,0.0,0.0,1.0
1780641139,51812096,19.294008255004883,9.295979499816895,2.8823914527893066,0.0,0.0,0.0,1.0
1780641139,101819520,19.300962448120117,9.299017906188965,2.8865997791290283,0.0,0.0,0.0,1.0
1780641139,151819520,19.30803680419922,9.302353858947754,2.890761137008667,0.0,0.0,0.0,1.0
1780641139,201827456,19.315109252929688,9.306042671203613,2.895690441131592,0.0,0.0,0.0,1.0
1780641139,251827456,19.322465896606445,9.309867858886719,2.9001619815826416,0.0,0.0,0.0,1.0
1780641139,301833856,19.32973289489746,9.313213348388672,2.9054551124572754,0.0,0.0,0.0,1.0
1780641139,351833856,19.33602523803711,9.315214157104492,2.9123735427856445,0.0,0.0,0.0,1.0
1780641139,401833856,19.342817306518555,9.317390441894531,2.9189136028289795,0.0,0.0,0.0,1.0
1780641139,451833856,19.350112915039062,9.319656372070312,2.924548864364624,0.0,0.0,0.0,1.0
1780641139,501841792,19.357681274414062,9.321401596069336,2.930312156677246,0.0,0.0,0.0,1.0
1780641139,551841792,19.364744186401367,9.321786880493164,2.9369161128997803,0.0,0.0,0.0,1.0
1780641139,601847680,19.37226676940918,9.322394371032715,2.943202257156372,0.0,0.0,0.0,1.0
1780641139,651847680,19.37999725341797,9.323265075683594,2.9485185146331787,0.0,0.0,0.0,1.0
1780641139,701855360,19.38738441467285,9.324261665344238,2.9532432556152344,0.0,0.0,0.0,1.0
1780641139,751855360,19.3935489654541,9.325190544128418,2.9571821689605713,0.0,0.0,0.0,1.0
1780641139,801860224,19.39991569519043,9.326390266418457,2.9607093334198,0.0,0.0,0.0,1.0
1780641139,851860224,19.406389236450195,9.327960014343262,2.963500499725342,0.0,0.0,0.0,1.0
1780641139,901868416,19.4124698638916,9.329671859741211,2.9654793739318848,0.0,0.0,0.0,1.0
1780641139,951868416,19.417369842529297,9.331194877624512,2.965602159500122,0.0,0.0,0.0,1.0
1780641140,1876608,19.422164916992188,9.333288192749023,2.9655981063842773,0.0,0.0,0.0,1.0
1780641140,51876608,19.42649269104004,9.335922241210938,2.965132236480713,0.0,0.0,0.0,1.0
1780641140,101884544,19.430259704589844,9.338919639587402,2.964646577835083,0.0,0.0,0.0,1.0
1780641140,151884544,19.433425903320312,9.341917991638184,2.963857650756836,0.0,0.0,0.0,1.0
1780641140,201892480,19.43545150756836,9.343931198120117,2.96342134475708,0.0,0.0,0.0,1.0
1780641140,251892480,19.436954498291016,9.34656047821045,2.9623796939849854,0.0,0.0,0.0,1.0
1780641140,301901184,19.43766212463379,9.349264144897461,2.961225986480713,0.0,0.0,0.0,1.0
1780641140,351901184,19.437063217163086,9.350990295410156,2.960165500640869,0.0,0.0,0.0,1.0
1780641140,401909376,19.436017990112305,9.353422164916992,2.9589178562164307,0.0,0.0,0.0,1.0
1780641140,451909376,19.434499740600586,9.356327056884766,2.95745587348938,0.0,0.0,0.0,1.0
1780641140,501909376,19.432235717773438,9.359403610229492,2.9561445713043213,0.0,0.0,0.0,1.0
1780641140,551909376,19.42867660522461,9.3622407913208,2.9539761543273926,0.0,0.0,0.0,1.0
1780641140,601917056,19.424978256225586,9.365394592285156,2.95178484916687,0.0,0.0,0.0,1.0
1780641140,651917056,19.421083450317383,9.368969917297363,2.949268341064453,0.0,0.0,0.0,1.0
1780641140,701925248,19.417139053344727,9.372146606445312,2.946657657623291,0.0,0.0,0.0,1.0
1780641140,751925248,19.41338539123535,9.373706817626953,2.943734645843506,0.0,0.0,0.0,1.0
1780641140,801933440,19.4096622467041,9.375541687011719,2.9415135383605957,0.0,0.0,0.0,1.0
1780641140,851933440,19.40610694885254,9.377400398254395,2.939297676086426,0.0,0.0,0.0,1.0
1780641140,901941632,19.4027156829834,9.378982543945312,2.937080144882202,0.0,0.0,0.0,1.0
1780641140,951941632,19.399301528930664,9.379753112792969,2.9337494373321533,0.0,0.0,0.0,1.0
1780641141,1950080,19.396329879760742,9.380497932434082,2.930828094482422,0.0,0.0,0.0,1.0
1780641141,51950080,19.393726348876953,9.381163597106934,2.927942991256714,0.0,0.0,0.0,1.0
1780641141,101958528,19.39162826538086,9.381604194641113,2.925421953201294,0.0,0.0,0.0,1.0
1780641141,151958528,19.389822006225586,9.381571769714355,2.922821521759033,0.0,0.0,0.0,1.0
1780641141,201966976,19.387968063354492,9.380814552307129,2.9198527336120605,0.0,0.0,0.0,1.0
1780641141,251966976,19.38664436340332,9.379921913146973,2.9171762466430664,0.0,0.0,0.0,1.0
1780641141,301975424,19.385515213012695,9.378422737121582,2.91471791267395,0.0,0.0,0.0,1.0
1780641141,351975424,19.383995056152344,9.375486373901367,2.911609411239624,0.0,0.0,0.0,1.0
1780641141,401983360,19.38294792175293,9.372610092163086,2.908893585205078,0.0,0.0,0.0,1.0
1780641141,451983360,19.3823184967041,9.3698148727417,2.9062552452087402,0.0,0.0,0.0,1.0
1780641141,501989248,19.382022857666016,9.36658000946045,2.9039077758789062,0.0,0.0,0.0,1.0
1780641141,551989248,19.38203239440918,9.362044334411621,2.901294231414795,0.0,0.0,0.0,1.0
1780641141,601995648,19.382278442382812,9.357962608337402,2.899508237838745,0.0,0.0,0.0,1.0
1780641141,651995648,19.38262367248535,9.35436725616455,2.898045778274536,0.0,0.0,0.0,1.0
1780641141,702003840,19.382959365844727,9.351262092590332,2.8967950344085693,0.0,0.0,0.0,1.0
1780641141,752003840,19.383272171020508,9.346409797668457,2.896670341491699,0.0,0.0,0.0,1.0
1780641141,802009472,19.38348960876465,9.342355728149414,2.8966476917266846,0.0,0.0,0.0,1.0
1780641141,852009472,19.38357925415039,9.339116096496582,2.896667957305908,0.0,0.0,0.0,1.0
1780641141,902017920,19.383460998535156,9.33666706085205,2.8966853618621826,0.0,0.0,0.0,1.0
1780641141,952017920,19.382213592529297,9.334169387817383,2.897649049758911,0.0,0.0,0.0,1.0
1780641142,2025856,19.380807876586914,9.332526206970215,2.8984973430633545,0.0,0.0,0.0,1.0
1780641142,52025856,19.37919807434082,9.33177375793457,2.8993730545043945,0.0,0.0,0.0,1.0
1780641142,102034304,19.377363204956055,9.331954002380371,2.9001448154449463,0.0,0.0,0.0,1.0
1780641142,152034304,19.375492095947266,9.332897186279297,2.900634765625,0.0,0.0,0.0,1.0
1780641142,202043520,19.37323570251465,9.332523345947266,2.9028067588806152,0.0,0.0,0.0,1.0
1780641142,252043520,19.371049880981445,9.332941055297852,2.9046754837036133,0.0,0.0,0.0,1.0
1780641142,302052224,19.36896324157715,9.334029197692871,2.907102108001709,0.0,0.0,0.0,1.0
1780641142,352052224,19.36788558959961,9.334277153015137,2.909674644470215,0.0,0.0,0.0,1.0
1780641142,402060672,19.36692237854004,9.335248947143555,2.912696599960327,0.0,0.0,0.0,1.0
1780641142,452060672,19.366090774536133,9.336808204650879,2.9153947830200195,0.0,0.0,0.0,1.0
1780641142,502065536,19.36547088623047,9.33877182006836,2.9193615913391113,0.0,0.0,0.0,1.0
1780641142,552065536,19.363037109375,9.339568138122559,2.9252922534942627,0.0,0.0,0.0,1.0
1780641142,602070656,19.361160278320312,9.34080696105957,2.9316518306732178,0.0,0.0,0.0,1.0
1780641142,652070656,19.359859466552734,9.342325210571289,2.9371721744537354,0.0,0.0,0.0,1.0
1780641142,702079104,19.358999252319336,9.34400463104248,2.942739486694336,0.0,0.0,0.0,1.0
1780641142,752079104,19.358163833618164,9.345946311950684,2.9490339756011963,0.0,0.0,0.0,1.0
1780641142,802085248,19.357709884643555,9.347970962524414,2.9551870822906494,0.0,0.0,0.0,1.0
1780641142,852085248,19.357585906982422,9.350011825561523,2.960310459136963,0.0,0.0,0.0,1.0
1780641142,902092416,19.35773468017578,9.351971626281738,2.9652204513549805,0.0,0.0,0.0,1.0
1780641142,952092416,19.356216430664062,9.352892875671387,2.9704644680023193,0.0,0.0,0.0,1.0
1780641143,2101120,19.35516357421875,9.35384464263916,2.9755187034606934,0.0,0.0,0.0,1.0
1780641143,52101120,19.354496002197266,9.354756355285645,2.9794418811798096,0.0,0.0,0.0,1.0
1780641143,102109824,19.35421371459961,9.355581283569336,2.9830760955810547,0.0,0.0,0.0,1.0
1780641143,152109824,19.354360580444336,9.35616397857666,2.98572039604187,0.0,0.0,0.0,1.0
1780641143,202118528,19.3541316986084,9.356268882751465,2.987823963165283,0.0,0.0,0.0,1.0
1780641143,252118528,19.354393005371094,9.356191635131836,2.988723039627075,0.0,0.0,0.0,1.0
1780641143,302126208,19.355140686035156,9.355975151062012,2.9893362522125244,0.0,0.0,0.0,1.0
1780641143,352126208,19.354764938354492,9.355194091796875,2.987628221511841,0.0,0.0,0.0,1.0
1780641143,402134912,19.35512351989746,9.354122161865234,2.9862136840820312,0.0,0.0,0.0,1.0
1780641143,452134912,19.35626983642578,9.352714538574219,2.983823776245117,0.0,0.0,0.0,1.0
1780641143,502143360,19.358200073242188,9.350947380065918,2.9815292358398438,0.0,0.0,0.0,1.0
1780641143,552143360,19.360734939575195,9.348699569702148,2.9793548583984375,0.0,0.0,0.0,1.0
1780641143,602151296,19.364152908325195,9.346025466918945,2.977494716644287,0.0,0.0,0.0,1.0
1780641143,652151296,19.36838722229004,9.34292221069336,2.9749460220336914,0.0,0.0,0.0,1.0
1780641143,702158464,19.37360954284668,9.33940601348877,2.972588300704956,0.0,0.0,0.0,1.0
1780641143,753158464,19.378450393676758,9.334525108337402,2.9715821743011475,0.0,0.0,0.0,1.0
1780641143,802165376,19.384553909301758,9.329472541809082,2.9692516326904297,0.0,0.0,0.0,1.0
1780641143,852165376,19.391311645507812,9.324109077453613,2.966320276260376,0.0,0.0,0.0,1.0
1780641143,903169984,19.397714614868164,9.318593978881836,2.9632773399353027,0.0,0.0,0.0,1.0
1780641143,952169984,19.402875900268555,9.312841415405273,2.9593381881713867,0.0,0.0,0.0,1.0
1780641144,2174848,19.40846061706543,9.30703067779541,2.9556946754455566,0.0,0.0,0.0,1.0
1780641144,52174848,19.414533615112305,9.301071166992188,2.951871871948242,0.0,0.0,0.0,1.0
1780641144,103183296,19.42079734802246,9.295087814331055,2.948237895965576,0.0,0.0,0.0,1.0
1780641144,152183296,19.427459716796875,9.289081573486328,2.944056272506714,0.0,0.0,0.0,1.0
1780641144,202188160,19.432790756225586,9.284104347229004,2.939847707748413,0.0,0.0,0.0,1.0
1780641144,252188160,19.43724822998047,9.279877662658691,2.935194492340088,0.0,0.0,0.0,1.0
1780641144,302194048,19.441354751586914,9.276263236999512,2.9309990406036377,0.0,0.0,0.0,1.0
1780641144,352194048,19.44307518005371,9.272933006286621,2.926647901535034,0.0,0.0,0.0,1.0
1780641144,402199168,19.444568634033203,9.270441055297852,2.9228146076202393,0.0,0.0,0.0,1.0
1780641144,452199168,19.445663452148438,9.268847465515137,2.920067310333252,0.0,0.0,0.0,1.0
1780641144,502204032,19.44654655456543,9.268278121948242,2.9182045459747314,0.0,0.0,0.0,1.0
1780641144,552204032,19.444366455078125,9.268193244934082,2.9172284603118896,0.0,0.0,0.0,1.0
1780641144,602211968,19.442190170288086,9.26899528503418,2.9167792797088623,0.0,0.0,0.0,1.0
1780641144,652211968,19.440021514892578,9.270462036132812,2.916699171066284,0.0,0.0,0.0,1.0
1780641144,702217856,19.437828063964844,9.27265453338623,2.9169435501098633,0.0,0.0,0.0,1.0
1780641144,752217856,19.434267044067383,9.274530410766602,2.9175493717193604,0.0,0.0,0.0,1.0
1780641144,802222208,19.430456161499023,9.276769638061523,2.9183285236358643,0.0,0.0,0.0,1.0
1780641144,852222208,19.426969528198242,9.279582023620605,2.9192912578582764,0.0,0.0,0.0,1.0
1780641144,902229376,19.4239444732666,9.28282642364502,2.9203739166259766,0.0,0.0,0.0,1.0
1780641144,952229376,19.418052673339844,9.285468101501465,2.9224400520324707,0.0,0.0,0.0,1.0
1780641145,2235264,19.413000106811523,9.288534164428711,2.9249448776245117,0.0,0.0,0.0,1.0
1780641145,52235264,19.408681869506836,9.291895866394043,2.9271912574768066,0.0,0.0,0.0,1.0
1780641145,102240128,19.405086517333984,9.295587539672852,2.9294939041137695,0.0,0.0,0.0,1.0
1780641145,152240128,19.402341842651367,9.29975700378418,2.931452751159668,0.0,0.0,0.0,1.0
1780641145,202245760,19.396318435668945,9.303093910217285,2.9333841800689697,0.0,0.0,0.0,1.0
1780641145,252245760,19.3917293548584,9.306981086730957,2.934800863265991,0.0,0.0,0.0,1.0
1780641145,302254464,19.38860321044922,9.311366081237793,2.9365341663360596,0.0,0.0,0.0,1.0
1780641145,352254464,19.384572982788086,9.314974784851074,2.9371111392974854,0.0,0.0,0.0,1.0
1780641145,402262144,19.381881713867188,9.319172859191895,2.938009262084961,0.0,0.0,0.0,1.0
1780641145,452262144,19.380538940429688,9.323880195617676,2.9381673336029053,0.0,0.0,0.0,1.0
1780641145,502269312,19.380521774291992,9.329059600830078,2.9386165142059326,0.0,0.0,0.0,1.0
1780641145,552269312,19.380599975585938,9.332154273986816,2.939627170562744,0.0,0.0,0.0,1.0
1780641145,602277248,19.381996154785156,9.33580493927002,2.9406373500823975,0.0,0.0,0.0,1.0
1780641145,652277248,19.38470458984375,9.340031623840332,2.9405570030212402,0.0,0.0,0.0,1.0
1780641145,702276736,19.388504028320312,9.34461498260498,2.9405715465545654,0.0,0.0,0.0,1.0
1780641145,752276736,19.390382766723633,9.348429679870605,2.941988945007324,0.0,0.0,0.0,1.0
1780641145,802284416,19.39320945739746,9.352420806884766,2.943087100982666,0.0,0.0,0.0,1.0
1780641145,852284416,19.39678192138672,9.356459617614746,2.9431064128875732,0.0,0.0,0.0,1.0
1780641145,902284416,19.40072250366211,9.360465049743652,2.942326307296753,0.0,0.0,0.0,1.0
1780641145,952284416,19.40290641784668,9.362337112426758,2.94120454788208,0.0,0.0,0.0,1.0
1780641146,2289280,19.4051456451416,9.364462852478027,2.9398951530456543,0.0,0.0,0.0,1.0
1780641146,52289280,19.40717124938965,9.366735458374023,2.9383974075317383,0.0,0.0,0.0,1.0
1780641146,102295424,19.408893585205078,9.369189262390137,2.936933755874634,0.0,0.0,0.0,1.0
1780641146,152295424,19.410032272338867,9.371838569641113,2.9354259967803955,0.0,0.0,0.0,1.0
1780641146,202302848,19.408655166625977,9.37326431274414,2.9325597286224365,0.0,0.0,0.0,1.0
1780641146,252302848,19.406322479248047,9.375024795532227,2.929901123046875,0.0,0.0,0.0,1.0
1780641146,302310272,19.402894973754883,9.376965522766113,2.9281179904937744,0.0,0.0,0.0,1.0
1780641146,352310272,19.396902084350586,9.377633094787598,2.9281325340270996,0.0,0.0,0.0,1.0
1780641146,402317440,19.389997482299805,9.378669738769531,2.9282288551330566,0.0,0.0,0.0,1.0
1780641146,452317440,19.381942749023438,9.38017749786377,2.9282517433166504,0.0,0.0,0.0,1.0
1780641146,502324096,19.37285804748535,9.38192367553711,2.9288723468780518,0.0,0.0,0.0,1.0
1780641146,552324096,19.35917854309082,9.382841110229492,2.9305596351623535,0.0,0.0,0.0,1.0
1780641146,602330496,19.344999313354492,9.384099006652832,2.9325809478759766,0.0,0.0,0.0,1.0
1780641146,652330496,19.330286026000977,9.385611534118652,2.934495687484741,0.0,0.0,0.0,1.0
1780641146,702337664,19.31516456604004,9.387340545654297,2.9366581439971924,0.0,0.0,0.0,1.0
1780641146,752337664,19.29836082458496,9.38842487335205,2.9385924339294434,0.0,0.0,0.0,1.0
1780641146,802345088,19.28167152404785,9.389806747436523,2.9404830932617188,0.0,0.0,0.0,1.0
1780641146,852345088,19.265430450439453,9.391288757324219,2.9417853355407715,0.0,0.0,0.0,1.0
1780641146,902352768,19.24903678894043,9.39299488067627,2.9430675506591797,0.0,0.0,0.0,1.0
1780641146,952352768,19.233579635620117,9.39362621307373,2.944286584854126,0.0,0.0,0.0,1.0
1780641147,2356864,19.218502044677734,9.394325256347656,2.9446003437042236,0.0,0.0,0.0,1.0
1780641147,52356864,19.204374313354492,9.394888877868652,2.944260358810425,0.0,0.0,0.0,1.0
1780641147,102364288,19.19116973876953,9.395341873168945,2.9435908794403076,0.0,0.0,0.0,1.0
1780641147,152364288,19.179149627685547,9.395636558532715,2.942162036895752,0.0,0.0,0.0,1.0
1780641147,202371968,19.168006896972656,9.394664764404297,2.9407451152801514,0.0,0.0,0.0,1.0
1780641147,252371968,19.158159255981445,9.39338207244873,2.938746690750122,0.0,0.0,0.0,1.0
1780641147,302379904,19.149898529052734,9.391860008239746,2.9368762969970703,0.0,0.0,0.0,1.0
1780641147,352379904,19.143531799316406,9.389391899108887,2.933959484100342,0.0,0.0,0.0,1.0
1780641147,402387840,19.1387882232666,9.386664390563965,2.930724859237671,0.0,0.0,0.0,1.0
1780641147,452387840,19.13556480407715,9.383752822875977,2.9271671772003174,0.0,0.0,0.0,1.0
1780641147,502395264,19.13389015197754,9.380631446838379,2.923119068145752,0.0,0.0,0.0,1.0
1780641147,552395264,19.134265899658203,9.375944137573242,2.921013593673706,0.0,0.0,0.0,1.0
1780641147,602401408,19.135894775390625,9.371118545532227,2.918757200241089,0.0,0.0,0.0,1.0
1780641147,652401408,19.138669967651367,9.366308212280273,2.916400671005249,0.0,0.0,0.0,1.0
1780641147,702408832,19.14251708984375,9.361456871032715,2.9139983654022217,0.0,0.0,0.0,1.0
1780641147,752408832,19.147703170776367,9.356006622314453,2.910396099090576,0.0,0.0,0.0,1.0
1780641147,802415744,19.15364646911621,9.350582122802734,2.9068222045898438,0.0,0.0,0.0,1.0
1780641147,852415744,19.160152435302734,9.34533405303955,2.9033708572387695,0.0,0.0,0.0,1.0
1780641147,902422912,19.167034149169922,9.340331077575684,2.900177478790283,0.0,0.0,0.0,1.0
1780641147,952422912,19.176258087158203,9.334501266479492,2.896754503250122,0.0,0.0,0.0,1.0
1780641148,2427520,19.185453414916992,9.328981399536133,2.893399953842163,0.0,0.0,0.0,1.0
1780641148,52427520,19.19461441040039,9.323732376098633,2.890334367752075,0.0,0.0,0.0,1.0
1780641148,102435456,19.20368003845215,9.318772315979004,2.8875017166137695,0.0,0.0,0.0,1.0
1780641148,153435456,19.213207244873047,9.313813209533691,2.8843019008636475,0.0,0.0,0.0,1.0
1780641148,202443136,19.222492218017578,9.308775901794434,2.880037307739258,0.0,0.0,0.0,1.0
1780641148,252443136,19.23162841796875,9.304092407226562,2.8764872550964355,0.0,0.0,0.0,1.0
1780641148,303449792,19.240415573120117,9.299919128417969,2.8736867904663086,0.0,0.0,0.0,1.0
1780641148,352449792,19.249618530273438,9.294722557067871,2.872816801071167,0.0,0.0,0.0,1.0
1780641148,402457472,19.258203506469727,9.290281295776367,2.8725125789642334,0.0,0.0,0.0,1.0
1780641148,452457472,19.266311645507812,9.286517143249512,2.8727502822875977,0.0,0.0,0.0,1.0
1780641148,503464640,19.274023056030273,9.283411026000977,2.8735010623931885,0.0,0.0,0.0,1.0
1780641148,552464640,19.283292770385742,9.279671669006348,2.8764889240264893,0.0,0.0,0.0,1.0
1780641148,602470528,19.29179573059082,9.276697158813477,2.8796546459198,0.0,0.0,0.0,1.0
1780641148,652470528,19.299468994140625,9.274462699890137,2.8828039169311523,0.0,0.0,0.0,1.0
1780641148,703477952,19.30654525756836,9.273000717163086,2.8859896659851074,0.0,0.0,0.0,1.0
1780641148,752477952,19.3136043548584,9.271042823791504,2.8922271728515625,0.0,0.0,0.0,1.0
1780641148,802483840,19.319887161254883,9.269887924194336,2.897991418838501,0.0,0.0,0.0,1.0
1780641148,852483840,19.325597763061523,9.269425392150879,2.903355836868286,0.0,0.0,0.0,1.0
1780641148,903491008,19.330852508544922,9.269546508789062,2.908151626586914,0.0,0.0,0.0,1.0
1780641148,952491008,19.336898803710938,9.269776344299316,2.9114556312561035,0.0,0.0,0.0,1.0
1780641149,2498432,19.342557907104492,9.270442962646484,2.9148876667022705,0.0,0.0,0.0,1.0
1780641149,52498432,19.347885131835938,9.2714204788208,2.9177050590515137,0.0,0.0,0.0,1.0
1780641149,102505856,19.353015899658203,9.272631645202637,2.9201109409332275,0.0,0.0,0.0,1.0
1780641149,153505856,19.358057022094727,9.273977279663086,2.921950340270996,0.0,0.0,0.0,1.0
1780641149,202513280,19.364086151123047,9.27547836303711,2.923027992248535,0.0,0.0,0.0,1.0
1780641149,252513280,19.37028694152832,9.276925086975098,2.9234743118286133,0.0,0.0,0.0,1.0
1780641149,303521216,19.37669563293457,9.278181076049805,2.923445463180542,0.0,0.0,0.0,1.0
1780641149,352521216,19.385700225830078,9.279327392578125,2.923215389251709,0.0,0.0,0.0,1.0
1780641149,402528896,19.394956588745117,9.280245780944824,2.9221627712249756,0.0,0.0,0.0,1.0
1780641149,452528896,19.404232025146484,9.28097152709961,2.9205029010772705,0.0,0.0,0.0,1.0
1780641149,503536320,19.413658142089844,9.2815523147583,2.918666362762451,0.0,0.0,0.0,1.0
1780641149,552536320,19.423633575439453,9.282540321350098,2.916360855102539,0.0,0.0,0.0,1.0
1780641149,602541696,19.433752059936523,9.283320426940918,2.9140355587005615,0.0,0.0,0.0,1.0
1780641149,653541696,19.444019317626953,9.283961296081543,2.911186456680298,0.0,0.0,0.0,1.0
1780641149,703549120,19.45421600341797,9.284517288208008,2.908897638320923,0.0,0.0,0.0,1.0
1780641149,752549120,19.465232849121094,9.283714294433594,2.9077987670898438,0.0,0.0,0.0,1.0
1780641149,802556032,19.47605323791504,9.2830810546875,2.9059107303619385,0.0,0.0,0.0,1.0
1780641149,852556032,19.48634147644043,9.282721519470215,2.903754472732544,0.0,0.0,0.0,1.0
1780641149,903563456,19.496322631835938,9.282797813415527,2.901512861251831,0.0,0.0,0.0,1.0
1780641149,952563456,19.506010055541992,9.28347110748291,2.894460678100586,0.0,0.0,0.0,1.0
1780641150,2569088,19.51485824584961,9.284698486328125,2.888101577758789,0.0,0.0,0.0,1.0
1780641150,52569088,19.522871017456055,9.286466598510742,2.8822689056396484,0.0,0.0,0.0,1.0
1780641150,102576512,19.52996253967285,9.28876781463623,2.877819538116455,0.0,0.0,0.0,1.0
1780641150,152576512,19.536094665527344,9.291772842407227,2.873891830444336,0.0,0.0,0.0,1.0
1780641150,202583168,19.539831161499023,9.296075820922852,2.8680717945098877,0.0,0.0,0.0,1.0
1780641150,252583168,19.54172134399414,9.301304817199707,2.8616790771484375,0.0,0.0,0.0,1.0
1780641150,303590848,19.542673110961914,9.307035446166992,2.857023239135742,0.0,0.0,0.0,1.0
1780641150,352590848,19.542335510253906,9.313338279724121,2.8519768714904785,0.0,0.0,0.0,1.0
1780641150,402598528,19.54049301147461,9.320120811462402,2.8482208251953125,0.0,0.0,0.0,1.0
1780641150,452598528,19.537147521972656,9.32735538482666,2.8458750247955322,0.0,0.0,0.0,1.0
1780641150,503603136,19.532711029052734,9.335027694702148,2.845365047454834,0.0,0.0,0.0,1.0
1780641150,552603136,19.52787208557129,9.343335151672363,2.8470962047576904,0.0,0.0,0.0,1.0
1780641150,602609280,19.521385192871094,9.351702690124512,2.849679708480835,0.0,0.0,0.0,1.0
1780641150,652609280,19.513126373291016,9.36021900177002,2.852687120437622,0.0,0.0,0.0,1.0
1780641150,703616704,19.503238677978516,9.368807792663574,2.8559072017669678,0.0,0.0,0.0,1.0
1780641150,752616704,19.49135398864746,9.377676963806152,2.8600661754608154,0.0,0.0,0.0,1.0
1780641150,802622848,19.478124618530273,9.386256217956543,2.8649308681488037,0.0,0.0,0.0,1.0
1780641150,852622848,19.463375091552734,9.394624710083008,2.8703579902648926,0.0,0.0,0.0,1.0
1780641150,903628992,19.44808006286621,9.402583122253418,2.876413106918335,0.0,0.0,0.0,1.0
1780641150,952628992,19.43324851989746,9.4100923538208,2.8827555179595947,0.0,0.0,0.0,1.0
1780641151,2636928,19.417438507080078,9.417362213134766,2.8892269134521484,0.0,0.0,0.0,1.0
1780641151,52636928,19.40067481994629,9.424459457397461,2.8955416679382324,0.0,0.0,0.0,1.0
1780641151,102644608,19.3834285736084,9.431259155273438,2.901494026184082,0.0,0.0,0.0,1.0
1780641151,153644608,19.366230010986328,9.438069343566895,2.90716290473938,0.0,0.0,0.0,1.0
1780641151,202652288,19.349863052368164,9.445148468017578,2.9130637645721436,0.0,0.0,0.0,1.0
1780641151,252652288,19.33335304260254,9.451949119567871,2.918179988861084,0.0,0.0,0.0,1.0
1780641151,303659712,19.31756019592285,9.458721160888672,2.922718048095703,0.0,0.0,0.0,1.0
1780641151,352659712,19.30252456665039,9.466320037841797,2.9269955158233643,0.0,0.0,0.0,1.0
1780641151,402667136,19.287961959838867,9.473647117614746,2.9310710430145264,0.0,0.0,0.0,1.0
1780641151,452667136,19.273609161376953,9.480758666992188,2.9345059394836426,0.0,0.0,0.0,1.0
1780641151,503675072,19.26084327697754,9.48757266998291,2.938326358795166,0.0,0.0,0.0,1.0
1780641151,552675072,19.251014709472656,9.49422836303711,2.9429659843444824,0.0,0.0,0.0,1.0
1780641151,602680704,19.241687774658203,9.500659942626953,2.946772336959839,0.0,0.0,0.0,1.0
1780641151,652680704,19.23284912109375,9.506821632385254,2.9498767852783203,0.0,0.0,0.0,1.0
1780641151,702689152,19.224838256835938,9.512539863586426,2.9529008865356445,0.0,0.0,0.0,1.0
1780641151,752689152,19.219179153442383,9.516650199890137,2.9562206268310547,0.0,0.0,0.0,1.0
1780641151,802694016,19.2147159576416,9.51988697052002,2.9590775966644287,0.0,0.0,0.0,1.0
1780641151,852694016,19.21074676513672,9.522622108459473,2.9607858657836914,0.0,0.0,0.0,1.0
1780641151,903701952,19.207923889160156,9.52412223815918,2.962064266204834,0.0,0.0,0.0,1.0
1780641151,952701952,19.20721435546875,9.523347854614258,2.963625192642212,0.0,0.0,0.0,1.0
1780641152,2710144,19.2069034576416,9.522075653076172,2.9644792079925537,0.0,0.0,0.0,1.0
1780641152,52710144,19.206989288330078,9.520123481750488,2.9644997119903564,0.0,0.0,0.0,1.0
1780641152,102717824,19.207494735717773,9.517577171325684,2.9639198780059814,0.0,0.0,0.0,1.0
1780641152,153717824,19.208965301513672,9.514046669006348,2.963679075241089,0.0,0.0,0.0,1.0
1780641152,202725504,19.212186813354492,9.508782386779785,2.966010332107544,0.0,0.0,0.0,1.0
1780641152,252725504,19.215736389160156,9.502785682678223,2.967099905014038,0.0,0.0,0.0,1.0
1780641152,303733440,19.220003128051758,9.496024131774902,2.9673502445220947,0.0,0.0,0.0,1.0
1780641152,352733440,19.225732803344727,9.488164901733398,2.967353343963623,0.0,0.0,0.0,1.0
1780641152,402738816,19.231857299804688,9.479975700378418,2.966358184814453,0.0,0.0,0.0,1.0
1780641152,452738816,19.238248825073242,9.471563339233398,2.9648144245147705,0.0,0.0,0.0,1.0
1780641152,503738816,19.245044708251953,9.463056564331055,2.9634878635406494,0.0,0.0,0.0,1.0
1780641152,552738816,19.252761840820312,9.454005241394043,2.9635801315307617,0.0,0.0,0.0,1.0
1780641152,602744960,19.260934829711914,9.445245742797852,2.963489532470703,0.0,0.0,0.0,1.0
1780641152,652744960,19.269357681274414,9.4369535446167,2.962782621383667,0.0,0.0,0.0,1.0
1780641152,702752384,19.277729034423828,9.429014205932617,2.9613425731658936,0.0,0.0,0.0,1.0
1780641152,752752384,19.2857666015625,9.421359062194824,2.9599969387054443,0.0,0.0,0.0,1.0
1780641152,802757760,19.293968200683594,9.414262771606445,2.958904504776001,0.0,0.0,0.0,1.0
1780641152,852757760,19.30205535888672,9.40807056427002,2.957367181777954,0.0,0.0,0.0,1.0
1780641152,902765440,19.309907913208008,9.402824401855469,2.955535411834717,0.0,0.0,0.0,1.0
1780641152,952765440,19.31721305847168,9.397294998168945,2.9553418159484863,0.0,0.0,0.0,1.0
1780641153,2773376,19.324424743652344,9.392698287963867,2.9547417163848877,0.0,0.0,0.0,1.0
1780641153,52773376,19.331201553344727,9.388998985290527,2.95395827293396,0.0,0.0,0.0,1.0
1780641153,102780288,19.33775520324707,9.386109352111816,2.9529712200164795,0.0,0.0,0.0,1.0
1780641153,152780288,19.34393882751465,9.383892059326172,2.951737880706787,0.0,0.0,0.0,1.0
1780641153,202787712,19.34881019592285,9.381842613220215,2.9529802799224854,0.0,0.0,0.0,1.0
1780641153,252787712,19.35334014892578,9.380317687988281,2.953700065612793,0.0,0.0,0.0,1.0
1780641153,302794624,19.35757827758789,9.379121780395508,2.9539945125579834,0.0,0.0,0.0,1.0
1780641153,352794624,19.361225128173828,9.378010749816895,2.9562129974365234,0.0,0.0,0.0,1.0
1780641153,402801792,19.364547729492188,9.377129554748535,2.95784330368042,0.0,0.0,0.0,1.0
1780641153,452801792,19.36749267578125,9.376399040222168,2.958878755569458,0.0,0.0,0.0,1.0
1780641153,502807936,19.37027359008789,9.375813484191895,2.9592854976654053,0.0,0.0,0.0,1.0
1780641153,552807936,19.37411117553711,9.374550819396973,2.9609885215759277,0.0,0.0,0.0,1.0
1780641153,602812800,19.37763214111328,9.373313903808594,2.961864709854126,0.0,0.0,0.0,1.0
1780641153,652812800,19.38076400756836,9.372045516967773,2.96193265914917,0.0,0.0,0.0,1.0
1780641153,702818432,19.383563995361328,9.370695114135742,2.9614980220794678,0.0,0.0,0.0,1.0
1780641153,752818432,19.386737823486328,9.368315696716309,2.962146759033203,0.0,0.0,0.0,1.0
1780641153,802822528,19.389514923095703,9.365981101989746,2.962515115737915,0.0,0.0,0.0,1.0
1780641153,852822528,19.391849517822266,9.363839149475098,2.9620697498321533,0.0,0.0,0.0,1.0
1780641153,902828160,19.393768310546875,9.361750602722168,2.961031198501587,0.0,0.0,0.0,1.0
1780641153,952828160,19.39531898498535,9.359896659851074,2.95967435836792,0.0,0.0,0.0,1.0
1780641154,2833536,19.396503448486328,9.35816764831543,2.9580423831939697,0.0,0.0,0.0,1.0
1780641154,52833536,19.397436141967773,9.356456756591797,2.955994129180908,0.0,0.0,0.0,1.0
1780641154,102838656,19.398021697998047,9.354796409606934,2.9537062644958496,0.0,0.0,0.0,1.0
1780641154,152838656,19.398286819458008,9.353264808654785,2.9510762691497803,0.0,0.0,0.0,1.0
1780641154,202844544,19.397924423217773,9.351935386657715,2.9463579654693604,0.0,0.0,0.0,1.0
1780641154,252844544,19.3975887298584,9.350729942321777,2.9414944648742676,0.0,0.0,0.0,1.0
1780641154,302851200,19.397178649902344,9.34954833984375,2.936723470687866,0.0,0.0,0.0,1.0
1780641154,352851200,19.39568519592285,9.349065780639648,2.932096481323242,0.0,0.0,0.0,1.0
1780641154,402857344,19.394250869750977,9.348386764526367,2.9274399280548096,0.0,0.0,0.0,1.0
1780641154,452857344,19.393047332763672,9.347549438476562,2.9229207038879395,0.0,0.0,0.0,1.0
1780641154,502857344,19.392122268676758,9.346726417541504,2.918574094772339,0.0,0.0,0.0,1.0
1780641154,552857344,19.391345977783203,9.34542465209961,2.9154391288757324,0.0,0.0,0.0,1.0
1780641154,602865024,19.390703201293945,9.344154357910156,2.9121665954589844,0.0,0.0,0.0,1.0
1780641154,652865024,19.390159606933594,9.343053817749023,2.908731460571289,0.0,0.0,0.0,1.0
1780641154,702870912,19.38980484008789,9.34193229675293,2.9055404663085938,0.0,0.0,0.0,1.0
1780641154,752870912,19.3885498046875,9.34030532836914,2.905235767364502,0.0,0.0,0.0,1.0
1780641154,802876288,19.387657165527344,9.339003562927246,2.904754161834717,0.0,0.0,0.0,1.0
1780641154,852876288,19.38693618774414,9.337992668151855,2.90405011177063,0.0,0.0,0.0,1.0
1780641154,902882432,19.386333465576172,9.337065696716309,2.9034817218780518,0.0,0.0,0.0,1.0
1780641154,952882432,19.386022567749023,9.335623741149902,2.9028782844543457,0.0,0.0,0.0,1.0
1780641155,2882432,19.3858585357666,9.334555625915527,2.902336597442627,0.0,0.0,0.0,1.0
1780641155,52882432,19.385719299316406,9.334031105041504,2.90208101272583,0.0,0.0,0.0,1.0
1780641155,102887808,19.385473251342773,9.33403205871582,2.9021825790405273,0.0,0.0,0.0,1.0
1780641155,152887808,19.38500213623047,9.334813117980957,2.901948928833008,0.0,0.0,0.0,1.0
1780641155,202894208,19.384502410888672,9.335243225097656,2.8992600440979004,0.0,0.0,0.0,1.0
1780641155,252894208,19.383743286132812,9.336461067199707,2.897066354751587,0.0,0.0,0.0,1.0
1780641155,302899840,19.3826847076416,9.338457107543945,2.8951613903045654,0.0,0.0,0.0,1.0
1780641155,352899840,19.378862380981445,9.340815544128418,2.8940963745117188,0.0,0.0,0.0,1.0
1780641155,402906240,19.37484359741211,9.343860626220703,2.8932478427886963,0.0,0.0,0.0,1.0
1780641155,452906240,19.37055015563965,9.347691535949707,2.892331123352051,0.0,0.0,0.0,1.0
1780641155,502906240,19.36600112915039,9.351920127868652,2.8914225101470947,0.0,0.0,0.0,1.0
1780641155,552906240,19.36024284362793,9.356122970581055,2.8926923274993896,0.0,0.0,0.0,1.0
1780641155,602913408,19.354549407958984,9.360664367675781,2.8936758041381836,0.0,0.0,0.0,1.0
1780641155,652913408,19.348909378051758,9.36544418334961,2.894005060195923,0.0,0.0,0.0,1.0
1780641155,702919040,19.3435115814209,9.370076179504395,2.894064426422119,0.0,0.0,0.0,1.0
1780641155,752919040,19.338306427001953,9.375268936157227,2.894939422607422,0.0,0.0,0.0,1.0
1780641155,802926720,19.333518981933594,9.380234718322754,2.8947670459747314,0.0,0.0,0.0,1.0
1780641155,852926720,19.329330444335938,9.384737014770508,2.8942060470581055,0.0,0.0,0.0,1.0
1780641155,902926720,19.325822830200195,9.38884162902832,2.8933286666870117,0.0,0.0,0.0,1.0
1780641155,952926720,19.324861526489258,9.39116096496582,2.8925604820251465,0.0,0.0,0.0,1.0
1780641156,2933376,19.324365615844727,9.39328670501709,2.891080379486084,0.0,0.0,0.0,1.0
1780641156,52933376,19.324417114257812,9.394981384277344,2.8897135257720947,0.0,0.0,0.0,1.0
1780641156,102940544,19.32512092590332,9.39629077911377,2.888580083847046,0.0,0.0,0.0,1.0
1780641156,152940544,19.326305389404297,9.397303581237793,2.887199878692627,0.0,0.0,0.0,1.0
1780641156,202946176,19.32737159729004,9.397337913513184,2.886695623397827,0.0,0.0,0.0,1.0
1780641156,252946176,19.32889747619629,9.396942138671875,2.8863933086395264,0.0,0.0,0.0,1.0
1780641156,302951296,19.330781936645508,9.396600723266602,2.8858439922332764,0.0,0.0,0.0,1.0
1780641156,352951296,19.330949783325195,9.396256446838379,2.8871023654937744,0.0,0.0,0.0,1.0
1780641156,402956672,19.331470489501953,9.395936012268066,2.887571334838867,0.0,0.0,0.0,1.0
1780641156,452956672,19.331941604614258,9.395672798156738,2.8883633613586426,0.0,0.0,0.0,1.0
1780641156,503962048,19.332563400268555,9.395623207092285,2.8890187740325928,0.0,0.0,0.0,1.0
1780641156,552962048,19.332653045654297,9.395835876464844,2.889763832092285,0.0,0.0,0.0,1.0
1780641156,602967424,19.332733154296875,9.395895957946777,2.890141725540161,0.0,0.0,0.0,1.0
1780641156,652967424,19.33275032043457,9.396069526672363,2.8906047344207764,0.0,0.0,0.0,1.0
1780641156,703967424,19.33308219909668,9.396442413330078,2.891418695449829,0.0,0.0,0.0,1.0
1780641156,752967424,19.33405303955078,9.39725399017334,2.8929636478424072,0.0,0.0,0.0,1.0
1780641156,802971776,19.334856033325195,9.398176193237305,2.894015312194824,0.0,0.0,0.0,1.0
1780641156,852971776,19.335416793823242,9.399127960205078,2.895129680633545,0.0,0.0,0.0,1.0
1780641156,903976896,19.336326599121094,9.399975776672363,2.8961403369903564,0.0,0.0,0.0,1.0
1780641156,952976896,19.338623046875,9.40062141418457,2.8963613510131836,0.0,0.0,0.0,1.0
1780641157,3976896,19.340532302856445,9.401056289672852,2.8966267108917236,0.0,0.0,0.0,1.0
1780641157,52976896,19.3420467376709,9.401226997375488,2.8968353271484375,0.0,0.0,0.0,1.0
1780641157,102982272,19.343252182006836,9.401193618774414,2.896904706954956,0.0,0.0,0.0,1.0
1780641157,153982272,19.344070434570312,9.401522636413574,2.8961033821105957,0.0,0.0,0.0,1.0
1780641157,202987648,19.344606399536133,9.40277099609375,2.89328670501709,0.0,0.0,0.0,1.0
1780641157,252987648,19.344722747802734,9.403703689575195,2.890843152999878,0.0,0.0,0.0,1.0
1780641157,303993792,19.344385147094727,9.404716491699219,2.888200283050537,0.0,0.0,0.0,1.0
1780641157,352993792,19.343446731567383,9.406538963317871,2.8846018314361572,0.0,0.0,0.0,1.0
1780641157,402998912,19.34231185913086,9.407885551452637,2.881352186203003,0.0,0.0,0.0,1.0
1780641157,452998912,19.340898513793945,9.408709526062012,2.878628730773926,0.0,0.0,0.0,1.0
1780641157,504004544,19.33928680419922,9.409591674804688,2.8756589889526367,0.0,0.0,0.0,1.0
1780641157,553004544,19.33756446838379,9.411312103271484,2.872462749481201,0.0,0.0,0.0,1.0
1780641157,603010688,19.335662841796875,9.412583351135254,2.86966872215271,0.0,0.0,0.0,1.0
1780641157,653010688,19.33361053466797,9.413140296936035,2.867156982421875,0.0,0.0,0.0,1.0
1780641157,704016064,19.33163070678711,9.413105964660645,2.864452600479126,0.0,0.0,0.0,1.0
1780641157,753016064,19.330039978027344,9.412394523620605,2.8619706630706787,0.0,0.0,0.0,1.0
1780641157,803020416,19.328506469726562,9.411136627197266,2.8597676753997803,0.0,0.0,0.0,1.0
1780641157,853020416,19.327116012573242,9.409167289733887,2.857811450958252,0.0,0.0,0.0,1.0
1780641157,904026048,19.326190948486328,9.406815528869629,2.8555045127868652,0.0,0.0,0.0,1.0
1780641157,953026048,19.326122283935547,9.404484748840332,2.8529443740844727,0.0,0.0,0.0,1.0
1780641158,3031424,19.32628059387207,9.401516914367676,2.850696325302124,0.0,0.0,0.0,1.0
1780641158,53031424,19.326717376708984,9.39783763885498,2.848994731903076,0.0,0.0,0.0,1.0
1780641158,103037056,19.327482223510742,9.393619537353516,2.84771728515625,0.0,0.0,0.0,1.0
1780641158,153037056,19.328699111938477,9.388761520385742,2.8469276428222656,0.0,0.0,0.0,1.0
1780641158,203041408,19.33019256591797,9.385305404663086,2.845320463180542,0.0,0.0,0.0,1.0
1780641158,253041408,19.33205795288086,9.381136894226074,2.8443899154663086,0.0,0.0,0.0,1.0
1780641158,304047040,19.33394432067871,9.376720428466797,2.8438591957092285,0.0,0.0,0.0,1.0
1780641158,353047040,19.335128784179688,9.372775077819824,2.84367299079895,0.0,0.0,0.0,1.0
1780641158,403052416,19.336645126342773,9.368488311767578,2.843708038330078,0.0,0.0,0.0,1.0
1780641158,453052416,19.33840560913086,9.363808631896973,2.844325304031372,0.0,0.0,0.0,1.0
1780641158,504059840,19.340269088745117,9.358931541442871,2.8459665775299072,0.0,0.0,0.0,1.0
1780641158,553059840,19.341995239257812,9.353456497192383,2.8501296043395996,0.0,0.0,0.0,1.0
1780641158,603066240,19.343677520751953,9.347951889038086,2.853996753692627,0.0,0.0,0.0,1.0
1780641158,653066240,19.345233917236328,9.342503547668457,2.857757329940796,0.0,0.0,0.0,1.0
1780641158,704071872,19.346607208251953,9.33726978302002,2.8614509105682373,0.0,0.0,0.0,1.0
1780641158,753071872,19.347610473632812,9.332695007324219,2.8654708862304688,0.0,0.0,0.0,1.0
1780641158,803077760,19.348342895507812,9.328341484069824,2.869077205657959,0.0,0.0,0.0,1.0
1780641158,853077760,19.348743438720703,9.324150085449219,2.872361660003662,0.0,0.0,0.0,1.0
1780641158,904082880,19.348735809326172,9.320111274719238,2.874751091003418,0.0,0.0,0.0,1.0
1780641158,953082880,19.34828758239746,9.315990447998047,2.876058340072632,0.0,0.0,0.0,1.0
1780641159,3088768,19.347745895385742,9.312156677246094,2.876800537109375,0.0,0.0,0.0,1.0
1780641159,53088768,19.347185134887695,9.30859088897705,2.877234935760498,0.0,0.0,0.0,1.0
1780641159,103094144,19.34677505493164,9.305375099182129,2.877126455307007,0.0,0.0,0.0,1.0
1780641159,154094144,19.3468017578125,9.302833557128906,2.8766491413116455,0.0,0.0,0.0,1.0
1780641159,203099264,19.34773826599121,9.301484107971191,2.8757858276367188,0.0,0.0,0.0,1.0
1780641159,253099264,19.349163055419922,9.299944877624512,2.8746886253356934,0.0,0.0,0.0,1.0
1780641159,303104640,19.351511001586914,9.298234939575195,2.8726954460144043,0.0,0.0,0.0,1.0
1780641159,353104640,19.35532569885254,9.296295166015625,2.869227647781372,0.0,0.0,0.0,1.0
1780641159,403109760,19.360017776489258,9.294122695922852,2.865501880645752,0.0,0.0,0.0,1.0
1780641159,453109760,19.365705490112305,9.291620254516602,2.8618078231811523,0.0,0.0,0.0,1.0
1780641159,503116672,19.372114181518555,9.288857460021973,2.8585479259490967,0.0,0.0,0.0,1.0
1780641159,553116672,19.378984451293945,9.285951614379883,2.85650634765625,0.0,0.0,0.0,1.0
1780641159,603122048,19.38709831237793,9.282332420349121,2.8547310829162598,0.0,0.0,0.0,1.0
1780641159,653122048,19.39630126953125,9.278136253356934,2.853050947189331,0.0,0.0,0.0,1.0
1780641159,703127424,19.405941009521484,9.273674964904785,2.8513619899749756,0.0,0.0,0.0,1.0
1780641159,753127424,19.41516876220703,9.26933479309082,2.8499460220336914,0.0,0.0,0.0,1.0
1780641159,803131008,19.425418853759766,9.26463508605957,2.848893404006958,0.0,0.0,0.0,1.0
1780641159,853131008,19.436237335205078,9.259819984436035,2.8481943607330322,0.0,0.0,0.0,1.0
1780641159,903136384,19.447174072265625,9.254993438720703,2.848313331604004,0.0,0.0,0.0,1.0
1780641159,953136384,19.457521438598633,9.250280380249023,2.849388599395752,0.0,0.0,0.0,1.0
1780641160,3141760,19.468290328979492,9.245750427246094,2.850548267364502,0.0,0.0,0.0,1.0
1780641160,53141760,19.478605270385742,9.241816520690918,2.851874828338623,0.0,0.0,0.0,1.0
1780641160,103147136,19.488859176635742,9.238471031188965,2.8533411026000977,0.0,0.0,0.0,1.0
1780641160,153147136,19.498294830322266,9.236056327819824,2.85546612739563,0.0,0.0,0.0,1.0
1780641160,203152512,19.506155014038086,9.234886169433594,2.8588051795959473,0.0,0.0,0.0,1.0
1780641160,253152512,19.513492584228516,9.234546661376953,2.8623690605163574,0.0,0.0,0.0,1.0
1780641160,303157888,19.519502639770508,9.235589027404785,2.8655052185058594,0.0,0.0,0.0,1.0
1780641160,353157888,19.523317337036133,9.238798141479492,2.8674206733703613,0.0,0.0,0.0,1.0
1780641160,403163520,19.5262508392334,9.242833137512207,2.8696537017822266,0.0,0.0,0.0,1.0
1780641160,453163520,19.52813148498535,9.247660636901855,2.8718581199645996,0.0,0.0,0.0,1.0
1780641160,503169408,19.52903175354004,9.253771781921387,2.8732879161834717,0.0,0.0,0.0,1.0
1780641160,553169408,19.52880859375,9.261658668518066,2.8725736141204834,0.0,0.0,0.0,1.0
1780641160,603172992,19.527477264404297,9.26999282836914,2.872302293777466,0.0,0.0,0.0,1.0
1780641160,653172992,19.525087356567383,9.278761863708496,2.87247371673584,0.0,0.0,0.0,1.0
1780641160,703178112,19.52144432067871,9.288089752197266,2.872920513153076,0.0,0.0,0.0,1.0
1780641160,753178112,19.51630401611328,9.297922134399414,2.8738462924957275,0.0,0.0,0.0,1.0
1780641160,803181696,19.51038932800293,9.307723999023438,2.8747494220733643,0.0,0.0,0.0,1.0
1780641160,853181696,19.503679275512695,9.317461967468262,2.875765323638916,0.0,0.0,0.0,1.0
1780641160,903187328,19.496505737304688,9.32703685760498,2.876950979232788,0.0,0.0,0.0,1.0
1780641160,953187328,19.48927116394043,9.336617469787598,2.8781521320343018,0.0,0.0,0.0,1.0
1780641161,3190656,19.481565475463867,9.345711708068848,2.879643678665161,0.0,0.0,0.0,1.0
1780641161,53190656,19.473424911499023,9.354130744934082,2.880815029144287,0.0,0.0,0.0,1.0
1780641161,103196032,19.465129852294922,9.361715316772461,2.881659746170044,0.0,0.0,0.0,1.0
1780641161,153196032,19.456626892089844,9.369077682495117,2.88236665725708,0.0,0.0,0.0,1.0
1780641161,203201408,19.44837188720703,9.376482963562012,2.8834352493286133,0.0,0.0,0.0,1.0
1780641161,253201408,19.440479278564453,9.382698059082031,2.883985757827759,0.0,0.0,0.0,1.0
1780641161,303206784,19.432910919189453,9.388007164001465,2.8838980197906494,0.0,0.0,0.0,1.0
1780641161,353206784,19.425540924072266,9.393006324768066,2.8821170330047607,0.0,0.0,0.0,1.0
1780641161,403211136,19.418968200683594,9.39674186706543,2.880948781967163,0.0,0.0,0.0,1.0
1780641161,453211136,19.41329574584961,9.39918041229248,2.8797268867492676,0.0,0.0,0.0,1.0
1780641161,503216000,19.408340454101562,9.400740623474121,2.8785336017608643,0.0,0.0,0.0,1.0
1780641161,553216000,19.403837203979492,9.402082443237305,2.876870632171631,0.0,0.0,0.0,1.0
1780641161,603221120,19.400390625,9.402101516723633,2.875166654586792,0.0,0.0,0.0,1.0
1780641161,653221120,19.398008346557617,9.401025772094727,2.8735804557800293,0.0,0.0,0.0,1.0
1780641161,703226240,19.396331787109375,9.399197578430176,2.872166156768799,0.0,0.0,0.0,1.0
1780641161,753226240,19.39495849609375,9.397356033325195,2.8710451126098633,0.0,0.0,0.0,1.0
1780641161,803231616,19.394428253173828,9.394608497619629,2.8704230785369873,0.0,0.0,0.0,1.0
1780641161,853231616,19.394649505615234,9.391461372375488,2.8698890209198,0.0,0.0,0.0,1.0
1780641161,903237248,19.395431518554688,9.387895584106445,2.8696677684783936,0.0,0.0,0.0,1.0
1780641161,953237248,19.39446449279785,9.384551048278809,2.8737235069274902,0.0,0.0,0.0,1.0
1780641162,3242880,19.39406967163086,9.381442070007324,2.8774282932281494,0.0,0.0,0.0,1.0
1780641162,53242880,19.394039154052734,9.37869930267334,2.8809590339660645,0.0,0.0,0.0,1.0
1780641162,103242880,19.394224166870117,9.376411437988281,2.8844568729400635,0.0,0.0,0.0,1.0
1780641162,153242880,19.39438819885254,9.374930381774902,2.88806414604187,0.0,0.0,0.0,1.0
1780641162,203249024,19.392621994018555,9.374360084533691,2.89320707321167,0.0,0.0,0.0,1.0
1780641162,253249024,19.39084815979004,9.374748229980469,2.898254156112671,0.0,0.0,0.0,1.0
1780641162,303252864,19.388948440551758,9.376087188720703,2.9032979011535645,0.0,0.0,0.0,1.0
1780641162,353252864,19.386470794677734,9.378461837768555,2.909311532974243,0.0,0.0,0.0,1.0
1780641162,403261568,19.383563995361328,9.381776809692383,2.915407657623291,0.0,0.0,0.0,1.0
1780641162,453261568,19.38037872314453,9.386124610900879,2.9210667610168457,0.0,0.0,0.0,1.0
1780641162,503266688,19.376771926879883,9.39119815826416,2.9261670112609863,0.0,0.0,0.0,1.0
1780641162,553266688,19.373117446899414,9.396870613098145,2.9338202476501465,0.0,0.0,0.0,1.0
1780641162,603271040,19.368846893310547,9.40286922454834,2.940223455429077,0.0,0.0,0.0,1.0
1780641162,653271040,19.36397361755371,9.409104347229004,2.945279836654663,0.0,0.0,0.0,1.0
1780641162,703276928,19.358768463134766,9.415587425231934,2.9490296840667725,0.0,0.0,0.0,1.0
1780641162,753276928,19.35140609741211,9.422839164733887,2.9543190002441406,0.0,0.0,0.0,1.0
1780641162,803281024,19.344011306762695,9.429797172546387,2.958203077316284,0.0,0.0,0.0,1.0
1780641162,853281024,19.336719512939453,9.436161041259766,2.9609434604644775,0.0,0.0,0.0,1.0
1780641162,903286144,19.329143524169922,9.44210147857666,2.9625043869018555,0.0,0.0,0.0,1.0
1780641162,953286144,19.320173263549805,9.44784164428711,2.964026927947998,0.0,0.0,0.0,1.0
1780641163,3291264,19.311302185058594,9.452879905700684,2.964336395263672,0.0,0.0,0.0,1.0
1780641163,53291264,19.302593231201172,9.45707893371582,2.963665723800659,0.0,0.0,0.0,1.0
1780641163,103296128,19.294227600097656,9.460445404052734,2.962195634841919,0.0,0.0,0.0,1.0
1780641163,153296128,19.2861270904541,9.463030815124512,2.959967613220215,0.0,0.0,0.0,1.0
1780641163,203300992,19.278287887573242,9.46523380279541,2.9588685035705566,0.0,0.0,0.0,1.0
1780641163,253300992,19.27094078063965,9.46650218963623,2.957491397857666,0.0,0.0,0.0,1.0
1780641163,303306368,19.26386070251465,9.467239379882812,2.955399751663208,0.0,0.0,0.0,1.0
1780641163,353306368,19.25798225402832,9.467557907104492,2.953242778778076,0.0,0.0,0.0,1.0
1780641163,403303808,19.25240135192871,9.467177391052246,2.9505817890167236,0.0,0.0,0.0,1.0
1780641163,453303808,19.24709129333496,9.465871810913086,2.9476656913757324,0.0,0.0,0.0,1.0
1780641163,503308416,19.24226951599121,9.464056968688965,2.9444093704223633,0.0,0.0,0.0,1.0
1780641163,553308416,19.236976623535156,9.463032722473145,2.9432921409606934,0.0,0.0,0.0,1.0
1780641163,603314304,19.23223114013672,9.46143627166748,2.9418647289276123,0.0,0.0,0.0,1.0
1780641163,653314304,19.22808837890625,9.459526062011719,2.9400203227996826,0.0,0.0,0.0,1.0
1780641163,703318656,19.224552154541016,9.457269668579102,2.9376821517944336,0.0,0.0,0.0,1.0
1780641163,753318656,19.22043800354004,9.45439624786377,2.938612937927246,0.0,0.0,0.0,1.0
1780641163,803323776,19.21709442138672,9.451192855834961,2.939016819000244,0.0,0.0,0.0,1.0
1780641163,853323776,19.214542388916016,9.447698593139648,2.9390387535095215,0.0,0.0,0.0,1.0
1780641163,903329664,19.212669372558594,9.443765640258789,2.937886953353882,0.0,0.0,0.0,1.0
1780641163,953329664,19.211084365844727,9.439355850219727,2.937504529953003,0.0,0.0,0.0,1.0
1780641164,3333504,19.21030044555664,9.43463134765625,2.9366111755371094,0.0,0.0,0.0,1.0
1780641164,53333504,19.210351943969727,9.429736137390137,2.93538236618042,0.0,0.0,0.0,1.0
1780641164,103338624,19.211143493652344,9.424688339233398,2.9340128898620605,0.0,0.0,0.0,1.0
1780641164,153338624,19.212732315063477,9.419711112976074,2.9322075843811035,0.0,0.0,0.0,1.0
1780641164,203341696,19.213970184326172,9.414068222045898,2.929884195327759,0.0,0.0,0.0,1.0
1780641164,253341696,19.215579986572266,9.40837287902832,2.9275574684143066,0.0,0.0,0.0,1.0
1780641164,304348096,19.218114852905273,9.402959823608398,2.924513101577759,0.0,0.0,0.0,1.0
1780641164,353348096,19.221343994140625,9.397603034973145,2.9196324348449707,0.0,0.0,0.0,1.0
1780641164,403353984,19.224990844726562,9.392470359802246,2.9148221015930176,0.0,0.0,0.0,1.0
1780641164,454353984,19.228879928588867,9.387640953063965,2.910621166229248,0.0,0.0,0.0,1.0
1780641164,504358592,19.23297882080078,9.38310432434082,2.9064502716064453,0.0,0.0,0.0,1.0
1780641164,553358592,19.236953735351562,9.378683090209961,2.9027531147003174,0.0,0.0,0.0,1.0
1780641164,603366528,19.240982055664062,9.374653816223145,2.899399995803833,0.0,0.0,0.0,1.0
1780641164,653366528,19.244943618774414,9.370909690856934,2.896552324295044,0.0,0.0,0.0,1.0
1780641164,704372160,19.248876571655273,9.367782592773438,2.8941566944122314,0.0,0.0,0.0,1.0
1780641164,753372160,19.253101348876953,9.365511894226074,2.892218589782715,0.0,0.0,0.0,1.0
1780641164,803377792,19.257091522216797,9.36353588104248,2.890751361846924,0.0,0.0,0.0,1.0
1780641164,853377792,19.260881423950195,9.361942291259766,2.8893189430236816,0.0,0.0,0.0,1.0
1780641164,903384704,19.2644100189209,9.3605375289917,2.8885912895202637,0.0,0.0,0.0,1.0
1780641164,953384704,19.267723083496094,9.359842300415039,2.8898730278015137,0.0,0.0,0.0,1.0
1780641165,3390848,19.27079200744629,9.359298706054688,2.891444206237793,0.0,0.0,0.0,1.0
1780641165,53390848,19.273574829101562,9.359118461608887,2.892699718475342,0.0,0.0,0.0,1.0
1780641165,103396736,19.276092529296875,9.35904312133789,2.893660306930542,0.0,0.0,0.0,1.0
1780641165,153396736,19.278711318969727,9.359123229980469,2.8951058387756348,0.0,0.0,0.0,1.0
1780641165,203403136,19.282094955444336,9.359817504882812,2.8971922397613525,0.0,0.0,0.0,1.0
1780641165,253403136,19.28527069091797,9.36052131652832,2.899212598800659,0.0,0.0,0.0,1.0
1780641165,303410304,19.28868293762207,9.361441612243652,2.901461601257324,0.0,0.0,0.0,1.0
1780641165,353410304,19.293174743652344,9.362589836120605,2.9061408042907715,0.0,0.0,0.0,1.0
1780641165,403416704,19.297378540039062,9.363870620727539,2.910362958908081,0.0,0.0,0.0,1.0
1780641165,453416704,19.301252365112305,9.365084648132324,2.9138920307159424,0.0,0.0,0.0,1.0
1780641165,503421056,19.305131912231445,9.366394996643066,2.9170219898223877,0.0,0.0,0.0,1.0
1780641165,553421056,19.3094539642334,9.36872386932373,2.9196436405181885,0.0,0.0,0.0,1.0
1780641165,603426688,19.313499450683594,9.370649337768555,2.921937942504883,0.0,0.0,0.0,1.0
1780641165,653426688,19.317338943481445,9.372391700744629,2.9235503673553467,0.0,0.0,0.0,1.0
1780641165,703432064,19.321474075317383,9.373647689819336,2.924494743347168,0.0,0.0,0.0,1.0
1780641165,753432064,19.326568603515625,9.3740873336792,2.924926519393921,0.0,0.0,0.0,1.0
1780641165,803436928,19.331449508666992,9.374225616455078,2.9249935150146484,0.0,0.0,0.0,1.0
1780641165,853436928,19.33622169494629,9.374215126037598,2.924670457839966,0.0,0.0,0.0,1.0
1780641165,903441280,19.340930938720703,9.374221801757812,2.9237444400787354,0.0,0.0,0.0,1.0
1780641165,953441280,19.346452713012695,9.375699043273926,2.9204752445220947,0.0,0.0,0.0,1.0
1780641166,3445632,19.351831436157227,9.376656532287598,2.9175117015838623,0.0,0.0,0.0,1.0
1780641166,53445632,19.357200622558594,9.377504348754883,2.914334774017334,0.0,0.0,0.0,1.0
1780641166,103452288,19.362531661987305,9.378159523010254,2.9110586643218994,0.0,0.0,0.0,1.0
1780641166,153452288,19.367753982543945,9.378494262695312,2.9080677032470703,0.0,0.0,0.0,1.0
1780641166,203457920,19.37378692626953,9.379467964172363,2.9036550521850586,0.0,0.0,0.0,1.0
1780641166,253457920,19.379810333251953,9.380029678344727,2.8995463848114014,0.0,0.0,0.0,1.0
1780641166,303462784,19.3856143951416,9.380317687988281,2.8956384658813477,0.0,0.0,0.0,1.0
1780641166,353462784,19.393070220947266,9.379557609558105,2.892228603363037,0.0,0.0,0.0,1.0
1780641166,403467648,19.400270462036133,9.378689765930176,2.8891446590423584,0.0,0.0,0.0,1.0
1780641166,453467648,19.406984329223633,9.37759017944336,2.886150598526001,0.0,0.0,0.0,1.0
1780641166,503472000,19.413084030151367,9.376190185546875,2.8831448554992676,0.0,0.0,0.0,1.0
1780641166,553472000,19.4206600189209,9.374815940856934,2.880664348602295,0.0,0.0,0.0,1.0
1780641166,603475840,19.427444458007812,9.373108863830566,2.8782827854156494,0.0,0.0,0.0,1.0
1780641166,653475840,19.433578491210938,9.371047019958496,2.876389741897583,0.0,0.0,0.0,1.0
1780641166,703481728,19.43903160095215,9.368711471557617,2.874882698059082,0.0,0.0,0.0,1.0
1780641166,753481728,19.444833755493164,9.36671257019043,2.8718154430389404,0.0,0.0,0.0,1.0
1780641166,803487360,19.44960594177246,9.364533424377441,2.8687479496002197,0.0,0.0,0.0,1.0
1780641166,853487360,19.45350456237793,9.36227798461914,2.8659186363220215,0.0,0.0,0.0,1.0
1780641166,903491968,19.4567813873291,9.35997486114502,2.8633134365081787,0.0,0.0,0.0,1.0
1780641166,953491968,19.46150016784668,9.359454154968262,2.860088586807251,0.0,0.0,0.0,1.0
1780641167,3496576,19.465301513671875,9.358506202697754,2.8574976921081543,0.0,0.0,0.0,1.0
1780641167,53496576,19.468259811401367,9.357712745666504,2.8554294109344482,0.0,0.0,0.0,1.0
1780641167,103501184,19.470458984375,9.356972694396973,2.853959321975708,0.0,0.0,0.0,1.0
1780641167,153501184,19.472064971923828,9.35644817352295,2.852402925491333,0.0,0.0,0.0,1.0
1780641167,203505536,19.472993850708008,9.356511116027832,2.850855827331543,0.0,0.0,0.0,1.0
1780641167,253505536,19.473350524902344,9.356712341308594,2.8497517108917236,0.0,0.0,0.0,1.0
1780641167,303509888,19.473299026489258,9.356904983520508,2.8491551876068115,0.0,0.0,0.0,1.0
1780641167,353509888,19.474782943725586,9.35638427734375,2.8482978343963623,0.0,0.0,0.0,1.0
1780641167,403514496,19.47581672668457,9.355732917785645,2.8480138778686523,0.0,0.0,0.0,1.0
1780641167,453514496,19.476364135742188,9.354975700378418,2.8483781814575195,0.0,0.0,0.0,1.0
1780641167,503518848,19.476680755615234,9.354053497314453,2.8493006229400635,0.0,0.0,0.0,1.0
1780641167,553518848,19.4788818359375,9.352829933166504,2.8516154289245605,0.0,0.0,0.0,1.0
1780641167,603524736,19.48070526123047,9.35120964050293,2.8539743423461914,0.0,0.0,0.0,1.0
1780641167,653524736,19.48231315612793,9.349189758300781,2.8564651012420654,0.0,0.0,0.0,1.0
1780641167,703529088,19.48381233215332,9.346639633178711,2.859171152114868,0.0,0.0,0.0,1.0
1780641167,753529088,19.486419677734375,9.343135833740234,2.8609702587127686,0.0,0.0,0.0,1.0
1780641167,803532416,19.48895263671875,9.339253425598145,2.8627986907958984,0.0,0.0,0.0,1.0
1780641167,853532416,19.49136734008789,9.335095405578613,2.864778757095337,0.0,0.0,0.0,1.0
1780641167,903536768,19.493743896484375,9.33071517944336,2.866903305053711,0.0,0.0,0.0,1.0
1780641167,953536768,19.49809455871582,9.325657844543457,2.867913246154785,0.0,0.0,0.0,1.0
1780641168,3541376,19.50214385986328,9.320453643798828,2.869027614593506,0.0,0.0,0.0,1.0
1780641168,53541376,19.5059757232666,9.315202713012695,2.8703551292419434,0.0,0.0,0.0,1.0
1780641168,103545984,19.50955581665039,9.310176849365234,2.8716928958892822,0.0,0.0,0.0,1.0
1780641168,153545984,19.51280975341797,9.305434226989746,2.8731112480163574,0.0,0.0,0.0,1.0
1780641168,203550336,19.516254425048828,9.300098419189453,2.8738389015197754,0.0,0.0,0.0,1.0
1780641168,253550336,19.519180297851562,9.295302391052246,2.8747565746307373,0.0,0.0,0.0,1.0
1780641168,303554944,19.521574020385742,9.291166305541992,2.8757100105285645,0.0,0.0,0.0,1.0
1780641168,353554944,19.522693634033203,9.288474082946777,2.8752071857452393,0.0,0.0,0.0,1.0
1780641168,403559296,19.523176193237305,9.286676406860352,2.8749806880950928,0.0,0.0,0.0,1.0
1780641168,453559296,19.522918701171875,9.285831451416016,2.874751567840576,0.0,0.0,0.0,1.0
1780641168,503564160,19.521825790405273,9.286099433898926,2.8744592666625977,0.0,0.0,0.0,1.0
1780641168,553564160,19.5203857421875,9.286304473876953,2.873189926147461,0.0,0.0,0.0,1.0
1780641168,603568768,19.517675399780273,9.287708282470703,2.8721866607666016,0.0,0.0,0.0,1.0
1780641168,653568768,19.513883590698242,9.290146827697754,2.8714733123779297,0.0,0.0,0.0,1.0
1780641168,703573376,19.508991241455078,9.293731689453125,2.8710012435913086,0.0,0.0,0.0,1.0
1780641168,753573376,19.502735137939453,9.297314643859863,2.8702824115753174,0.0,0.0,0.0,1.0
1780641168,803573376,19.495532989501953,9.301932334899902,2.869664430618286,0.0,0.0,0.0,1.0
1780641168,853573376,19.48737335205078,9.307475090026855,2.869537830352783,0.0,0.0,0.0,1.0
1780641168,903577984,19.478252410888672,9.31375503540039,2.869936466217041,0.0,0.0,0.0,1.0
1780641168,953577984,19.46859359741211,9.32026481628418,2.871563673019409,0.0,0.0,0.0,1.0
1780641169,3582592,19.458189010620117,9.327101707458496,2.8733890056610107,0.0,0.0,0.0,1.0
1780641169,53582592,19.447189331054688,9.334083557128906,2.8750598430633545,0.0,0.0,0.0,1.0
1780641169,103587200,19.43569564819336,9.341044425964355,2.876540422439575,0.0,0.0,0.0,1.0
1780641169,153587200,19.423614501953125,9.348040580749512,2.878225326538086,0.0,0.0,0.0,1.0
1780641169,203591808,19.414304733276367,9.354537963867188,2.8783481121063232,0.0,0.0,0.0,1.0
1780641169,253591808,19.404556274414062,9.360648155212402,2.878798723220825,0.0,0.0,0.0,1.0
1780641169,303596416,19.394407272338867,9.36625862121582,2.879464626312256,0.0,0.0,0.0,1.0
1780641169,353596416,19.385379791259766,9.370978355407715,2.879693031311035,0.0,0.0,0.0,1.0
1780641169,403600768,19.376113891601562,9.375004768371582,2.8800857067108154,0.0,0.0,0.0,1.0
1780641169,453600768,19.36707305908203,9.378151893615723,2.880490779876709,0.0,0.0,0.0,1.0
1780641169,503600768,19.357990264892578,9.380449295043945,2.8809943199157715,0.0,0.0,0.0,1.0
1780641169,553600768,19.349769592285156,9.382488250732422,2.881878614425659,0.0,0.0,0.0,1.0
1780641169,603606656,19.341825485229492,9.383659362792969,2.8828821182250977,0.0,0.0,0.0,1.0
1780641169,653606656,19.3341064453125,9.383997917175293,2.883889675140381,0.0,0.0,0.0,1.0
1780641169,703611008,19.326765060424805,9.383565902709961,2.884921073913574,0.0,0.0,0.0,1.0
1780641169,753611008,19.320056915283203,9.381274223327637,2.8869643211364746,0.0,0.0,0.0,1.0
1780641169,803617152,19.31376075744629,9.378626823425293,2.888850688934326,0.0,0.0,0.0,1.0
1780641169,853617152,19.308134078979492,9.375682830810547,2.890796184539795,0.0,0.0,0.0,1.0
1780641169,903622528,19.303316116333008,9.37251091003418,2.8928072452545166,0.0,0.0,0.0,1.0
1780641169,953622528,19.299007415771484,9.368673324584961,2.894498109817505,0.0,0.0,0.0,1.0
1780641170,3627136,19.295486450195312,9.364903450012207,2.8961143493652344,0.0,0.0,0.0,1.0
1780641170,53627136,19.292713165283203,9.361237525939941,2.8973026275634766,0.0,0.0,0.0,1.0
1780641170,103631744,19.290733337402344,9.357749938964844,2.8981082439422607,0.0,0.0,0.0,1.0
1780641170,153631744,19.289669036865234,9.354562759399414,2.8988051414489746,0.0,0.0,0.0,1.0
1780641170,203636096,19.289318084716797,9.349431037902832,2.9005374908447266,0.0,0.0,0.0,1.0
1780641170,253636096,19.289819717407227,9.34485149383545,2.901700735092163,0.0,0.0,0.0,1.0
1780641170,303640448,19.291072845458984,9.340666770935059,2.9024505615234375,0.0,0.0,0.0,1.0
1780641170,353640448,19.29307746887207,9.334799766540527,2.904351234436035,0.0,0.0,0.0,1.0
1780641170,403646336,19.29568099975586,9.329629898071289,2.9058926105499268,0.0,0.0,0.0,1.0
1780641170,453646336,19.298961639404297,9.324984550476074,2.9070520401000977,0.0,0.0,0.0,1.0
1780641170,503650432,19.30260467529297,9.320878028869629,2.9080514907836914,0.0,0.0,0.0,1.0
1780641170,553650432,19.304872512817383,9.315488815307617,2.909792423248291,0.0,0.0,0.0,1.0
1780641170,603655040,19.307659149169922,9.310609817504883,2.9112532138824463,0.0,0.0,0.0,1.0
1780641170,653655040,19.310832977294922,9.306295394897461,2.9123337268829346,0.0,0.0,0.0,1.0
1780641170,703659392,19.31424331665039,9.302496910095215,2.9130361080169678,0.0,0.0,0.0,1.0
1780641170,753659392,19.31438636779785,9.297904014587402,2.915191411972046,0.0,0.0,0.0,1.0
1780641170,803662720,19.314870834350586,9.29403305053711,2.9170053005218506,0.0,0.0,0.0,1.0
1780641170,853662720,19.315711975097656,9.290907859802246,2.918318033218384,0.0,0.0,0.0,1.0
1780641170,903668608,19.31682586669922,9.288427352905273,2.919304132461548,0.0,0.0,0.0,1.0
1780641170,953668608,19.316434860229492,9.28432559967041,2.922950267791748,0.0,0.0,0.0,1.0
1780641171,3672448,19.31633949279785,9.281105041503906,2.9261696338653564,0.0,0.0,0.0,1.0
1780641171,53672448,19.3162899017334,9.278841972351074,2.9287726879119873,0.0,0.0,0.0,1.0
1780641171,103676032,19.316205978393555,9.277454376220703,2.9308156967163086,0.0,0.0,0.0,1.0
1780641171,153676032,19.316082000732422,9.276893615722656,2.9322283267974854,0.0,0.0,0.0,1.0
1780641171,203679872,19.312837600708008,9.27564811706543,2.9339962005615234,0.0,0.0,0.0,1.0
1780641171,253679872,19.309770584106445,9.275300979614258,2.9349777698516846,0.0,0.0,0.0,1.0
1780641171,303683456,19.3068904876709,9.275724411010742,2.935288190841675,0.0,0.0,0.0,1.0
1780641171,353683456,19.301830291748047,9.27599048614502,2.9364163875579834,0.0,0.0,0.0,1.0
1780641171,403689600,19.2971248626709,9.276979446411133,2.9366488456726074,0.0,0.0,0.0,1.0
1780641171,453689600,19.292682647705078,9.278600692749023,2.9359312057495117,0.0,0.0,0.0,1.0
1780641171,503689600,19.288475036621094,9.28076171875,2.93434739112854,0.0,0.0,0.0,1.0
1780641171,553689600,19.28287696838379,9.281990051269531,2.93391489982605,0.0,0.0,0.0,1.0
1780641171,603694464,19.27792739868164,9.283648490905762,2.9328250885009766,0.0,0.0,0.0,1.0
1780641171,653694464,19.273521423339844,9.285675048828125,2.931614875793457,0.0,0.0,0.0,1.0
1780641171,703698048,19.269638061523438,9.287849426269531,2.9304258823394775,0.0,0.0,0.0,1.0
1780641171,753698048,19.26361846923828,9.289541244506836,2.930555582046509,0.0,0.0,0.0,1.0
1780641171,803701632,19.25861167907715,9.291786193847656,2.929511785507202,0.0,0.0,0.0,1.0
1780641171,853701632,19.254470825195312,9.294198036193848,2.9278464317321777,0.0,0.0,0.0,1.0
1780641171,903700608,19.251121520996094,9.296656608581543,2.9257407188415527,0.0,0.0,0.0,1.0
1780641171,953700608,19.24570655822754,9.299372673034668,2.924166679382324,0.0,0.0,0.0,1.0
1780641172,3707008,19.241374969482422,9.30193042755127,2.9227898120880127,0.0,0.0,0.0,1.0
1780641172,53707008,19.238048553466797,9.304338455200195,2.921689510345459,0.0,0.0,0.0,1.0
1780641172,103711360,19.235576629638672,9.306924819946289,2.9204905033111572,0.0,0.0,0.0,1.0
1780641172,153711360,19.2337703704834,9.309743881225586,2.919090509414673,0.0,0.0,0.0,1.0
1780641172,203715712,19.23023796081543,9.311816215515137,2.917325258255005,0.0,0.0,0.0,1.0
1780641172,253715712,19.227598190307617,9.313799858093262,2.9156618118286133,0.0,0.0,0.0,1.0
1780641172,303719808,19.22576904296875,9.315797805786133,2.9140818119049072,0.0,0.0,0.0,1.0
1780641172,353719808,19.224559783935547,9.317513465881348,2.9119694232940674,0.0,0.0,0.0,1.0
1780641172,403723392,19.224109649658203,9.319660186767578,2.9098219871520996,0.0,0.0,0.0,1.0
1780641172,453723392,19.22428321838379,9.321663856506348,2.9079463481903076,0.0,0.0,0.0,1.0
1780641172,503726976,19.225078582763672,9.32376766204834,2.9062631130218506,0.0,0.0,0.0,1.0
1780641172,553726976,19.225200653076172,9.325356483459473,2.9069738388061523,0.0,0.0,0.0,1.0
1780641172,603731840,19.226057052612305,9.327253341674805,2.9075398445129395,0.0,0.0,0.0,1.0
1780641172,653731840,19.227487564086914,9.329035758972168,2.908132553100586,0.0,0.0,0.0,1.0
1780641172,703733888,19.229652404785156,9.330972671508789,2.9086086750030518,0.0,0.0,0.0,1.0
1780641172,753733888,19.232622146606445,9.333189010620117,2.909065008163452,0.0,0.0,0.0,1.0
1780641172,803737216,19.23605728149414,9.33516788482666,2.909881353378296,0.0,0.0,0.0,1.0
1780641172,853737216,19.239831924438477,9.337247848510742,2.910723924636841,0.0,0.0,0.0,1.0
1780641172,903739264,19.244068145751953,9.339418411254883,2.9113962650299072,0.0,0.0,0.0,1.0
1780641172,953739264,19.24851417541504,9.341190338134766,2.9133718013763428,0.0,0.0,0.0,1.0
1780641173,3743360,19.253463745117188,9.343082427978516,2.9145314693450928,0.0,0.0,0.0,1.0
1780641173,53743360,19.258586883544922,9.344876289367676,2.9153199195861816,0.0,0.0,0.0,1.0
1780641173,103746944,19.264080047607422,9.346492767333984,2.9158804416656494,0.0,0.0,0.0,1.0
1780641173,153746944,19.2695255279541,9.34799575805664,2.915987491607666,0.0,0.0,0.0,1.0
1780641173,203746944,19.27544403076172,9.349631309509277,2.91459059715271,0.0,0.0,0.0,1.0
1780641173,253746944,19.28144073486328,9.351001739501953,2.912930727005005,0.0,0.0,0.0,1.0
1780641173,303749248,19.287384033203125,9.352009773254395,2.911287784576416,0.0,0.0,0.0,1.0
1780641173,353749248,19.29391098022461,9.35305404663086,2.908595561981201,0.0,0.0,0.0,1.0
1780641173,403751808,19.300493240356445,9.353710174560547,2.9060068130493164,0.0,0.0,0.0,1.0
1780641173,453751808,19.307016372680664,9.354162216186523,2.9035441875457764,0.0,0.0,0.0,1.0
1780641173,503754880,19.313711166381836,9.354573249816895,2.900911808013916,0.0,0.0,0.0,1.0
1780641173,553754880,19.320459365844727,9.354901313781738,2.899846315383911,0.0,0.0,0.0,1.0
1780641173,603759232,19.32734489440918,9.354950904846191,2.898568630218506,0.0,0.0,0.0,1.0
1780641173,653759232,19.334306716918945,9.354909896850586,2.8968677520751953,0.0,0.0,0.0,1.0
1780641173,703762048,19.341215133666992,9.354387283325195,2.8953826427459717,0.0,0.0,0.0,1.0
1780641173,753762048,19.349620819091797,9.353180885314941,2.896791696548462,0.0,0.0,0.0,1.0
1780641173,803756672,19.358009338378906,9.35193920135498,2.8974530696868896,0.0,0.0,0.0,1.0
1780641173,853756672,19.36634063720703,9.350318908691406,2.898070812225342,0.0,0.0,0.0,1.0
1780641173,903759488,19.3747501373291,9.348470687866211,2.898339033126831,0.0,0.0,0.0,1.0
1780641173,953759488,19.384092330932617,9.34714412689209,2.9000606536865234,0.0,0.0,0.0,1.0
1780641174,3753856,19.393335342407227,9.345760345458984,2.901102304458618,0.0,0.0,0.0,1.0
1780641174,53753856,19.40224838256836,9.34399127960205,2.9021353721618652,0.0,0.0,0.0,1.0
1780641174,103756672,19.410762786865234,9.34217357635498,2.9029674530029297,0.0,0.0,0.0,1.0
1780641174,153756672,19.41908836364746,9.340184211730957,2.9037084579467773,0.0,0.0,0.0,1.0
1780641174,203759232,19.42689323425293,9.340100288391113,2.903712034225464,0.0,0.0,0.0,1.0
1780641174,253759232,19.434253692626953,9.340279579162598,2.9038352966308594,0.0,0.0,0.0,1.0
1780641174,304762816,19.441421508789062,9.340052604675293,2.903258800506592,0.0,0.0,0.0,1.0
1780641174,353762816,19.449222564697266,9.339773178100586,2.902240037918091,0.0,0.0,0.0,1.0
1780641174,403769216,19.45629119873047,9.339273452758789,2.901397705078125,0.0,0.0,0.0,1.0
1780641174,453769216,19.46269416809082,9.338948249816895,2.9005236625671387,0.0,0.0,0.0,1.0
1780641174,504775616,19.46864891052246,9.338797569274902,2.899353265762329,0.0,0.0,0.0,1.0
1780641174,554775616,19.474916458129883,9.338866233825684,2.897286891937256,0.0,0.0,0.0,1.0
1780641174,603777664,19.480289459228516,9.339052200317383,2.895294189453125,0.0,0.0,0.0,1.0
1780641174,653777664,19.48480224609375,9.339228630065918,2.8937394618988037,0.0,0.0,0.0,1.0
1780641174,704780736,19.48866081237793,9.340032577514648,2.8916139602661133,0.0,0.0,0.0,1.0
1780641174,753780736,19.49234390258789,9.342476844787598,2.8873746395111084,0.0,0.0,0.0,1.0
1780641174,803783808,19.495086669921875,9.344686508178711,2.883788824081421,0.0,0.0,0.0,1.0
1780641174,853783808,19.49690055847168,9.346720695495605,2.8806803226470947,0.0,0.0,0.0,1.0
1780641174,904788416,19.498064041137695,9.348809242248535,2.877584218978882,0.0,0.0,0.0,1.0
1780641174,953788416,19.49880027770996,9.351350784301758,2.8738245964050293,0.0,0.0,0.0,1.0
1780641175,3791488,19.498647689819336,9.35373592376709,2.8709511756896973,0.0,0.0,0.0,1.0
1780641175,53791488,19.4976806640625,9.355819702148438,2.868865966796875,0.0,0.0,0.0,1.0
1780641175,103795840,19.49599838256836,9.357855796813965,2.8672688007354736,0.0,0.0,0.0,1.0
1780641175,154795840,19.493511199951172,9.359781265258789,2.865678310394287,0.0,0.0,0.0,1.0
1780641175,203798400,19.492523193359375,9.36308765411377,2.8613626956939697,0.0,0.0,0.0,1.0
1780641175,253798400,19.4906005859375,9.365937232971191,2.857848882675171,0.0,0.0,0.0,1.0
1780641175,303804544,19.487977981567383,9.368413925170898,2.855238437652588,0.0,0.0,0.0,1.0
1780641175,354804544,19.485254287719727,9.37216567993164,2.8524439334869385,0.0,0.0,0.0,1.0
1780641175,403807360,19.481889724731445,9.376090049743652,2.850344657897949,0.0,0.0,0.0,1.0
1780641175,453807360,19.47771453857422,9.379618644714355,2.8486340045928955,0.0,0.0,0.0,1.0
1780641175,504810432,19.47336196899414,9.38282299041748,2.8478381633758545,0.0,0.0,0.0,1.0
1780641175,553810432,19.469942092895508,9.385583877563477,2.84963059425354,0.0,0.0,0.0,1.0
1780641175,603814272,19.465686798095703,9.388120651245117,2.8513717651367188,0.0,0.0,0.0,1.0
1780641175,653814272,19.46067237854004,9.390397071838379,2.8533520698547363,0.0,0.0,0.0,1.0
1780641175,704816832,19.45526695251465,9.392470359802246,2.856933832168579,0.0,0.0,0.0,1.0
1780641175,753816832,19.44989776611328,9.394540786743164,2.864103078842163,0.0,0.0,0.0,1.0
1780641175,803820416,19.44392967224121,9.3961763381958,2.870554208755493,0.0,0.0,0.0,1.0
1780641175,853820416,19.437042236328125,9.397415161132812,2.8764963150024414,0.0,0.0,0.0,1.0
1780641175,904824768,19.430233001708984,9.398512840270996,2.882357120513916,0.0,0.0,0.0,1.0
1780641175,953824768,19.424474716186523,9.399846076965332,2.889369249343872,0.0,0.0,0.0,1.0
1780641176,3827328,19.41805076599121,9.400867462158203,2.895613431930542,0.0,0.0,0.0,1.0
1780641176,53827328,19.411283493041992,9.401591300964355,2.9009854793548584,0.0,0.0,0.0,1.0
1780641176,103830400,19.404150009155273,9.402002334594727,2.905390501022339,0.0,0.0,0.0,1.0
1780641176,154830400,19.396692276000977,9.402149200439453,2.90910005569458,0.0,0.0,0.0,1.0
1780641176,203833216,19.390491485595703,9.403882026672363,2.9104695320129395,0.0,0.0,0.0,1.0
1780641176,253833216,19.383995056152344,9.405133247375488,2.9113590717315674,0.0,0.0,0.0,1.0
1780641176,304836288,19.37774658203125,9.406044006347656,2.9117605686187744,0.0,0.0,0.0,1.0
1780641176,353836288,19.3721866607666,9.406818389892578,2.912132978439331,0.0,0.0,0.0,1.0
1780641176,403839616,19.36650848388672,9.407282829284668,2.9121627807617188,0.0,0.0,0.0,1.0
1780641176,453839616,19.36100196838379,9.407503128051758,2.9118213653564453,0.0,0.0,0.0,1.0
1780641176,504842432,19.356136322021484,9.407772064208984,2.9114348888397217,0.0,0.0,0.0,1.0
1780641176,553842432,19.352657318115234,9.40882396697998,2.911738395690918,0.0,0.0,0.0,1.0
1780641176,603846528,19.34920310974121,9.409438133239746,2.9118072986602783,0.0,0.0,0.0,1.0
1780641176,653846528,19.345794677734375,9.409656524658203,2.9113714694976807,0.0,0.0,0.0,1.0
1780641176,704849088,19.3424129486084,9.409527778625488,2.9102542400360107,0.0,0.0,0.0,1.0
1780641176,753849088,19.341073989868164,9.40987777709961,2.910220146179199,0.0,0.0,0.0,1.0
1780641176,803852160,19.339542388916016,9.40983772277832,2.9097607135772705,0.0,0.0,0.0,1.0
1780641176,853852160,19.33780288696289,9.409442901611328,2.909097671508789,0.0,0.0,0.0,1.0
1780641176,904855232,19.335988998413086,9.408699989318848,2.90838885307312,0.0,0.0,0.0,1.0
1780641176,953855232,19.337236404418945,9.407835960388184,2.9077768325805664,0.0,0.0,0.0,1.0
1780641177,3858048,19.33802604675293,9.406713485717773,2.906935691833496,0.0,0.0,0.0,1.0
1780641177,54858048,19.338350296020508,9.405421257019043,2.905604839324951,0.0,0.0,0.0,1.0
1780641177,103860096,19.33819580078125,9.403977394104004,2.9039175510406494,0.0,0.0,0.0,1.0
1780641177,154860096,19.337804794311523,9.402581214904785,2.9019505977630615,0.0,0.0,0.0,1.0
1780641177,203862144,19.338905334472656,9.40163516998291,2.9008777141571045,0.0,0.0,0.0,1.0
1780641177,253862144,19.339635848999023,9.400551795959473,2.899756908416748,0.0,0.0,0.0,1.0
1780641177,304864192,19.340131759643555,9.399383544921875,2.8985824584960938,0.0,0.0,0.0,1.0
1780641177,353864192,19.342893600463867,9.398771286010742,2.8972396850585938,0.0,0.0,0.0,1.0
1780641177,403866496,19.345190048217773,9.398055076599121,2.8959078788757324,0.0,0.0,0.0,1.0
1780641177,453866496,19.347156524658203,9.397364616394043,2.8941171169281006,0.0,0.0,0.0,1.0
1780641177,504868800,19.34894561767578,9.396628379821777,2.8920280933380127,0.0,0.0,0.0,1.0
1780641177,553868800,19.35210609436035,9.397076606750488,2.8912110328674316,0.0,0.0,0.0,1.0
1780641177,603872640,19.35504150390625,9.397490501403809,2.8901946544647217,0.0,0.0,0.0,1.0
1780641177,653872640,19.357826232910156,9.397852897644043,2.8889877796173096,0.0,0.0,0.0,1.0
1780641177,704874944,19.360515594482422,9.398126602172852,2.8877346515655518,0.0,0.0,0.0,1.0
1780641177,753874944,19.363454818725586,9.398857116699219,2.888043165206909,0.0,0.0,0.0,1.0
1780641177,803877760,19.366315841674805,9.399540901184082,2.8882813453674316,0.0,0.0,0.0,1.0
1780641177,853877760,19.369102478027344,9.400113105773926,2.8883793354034424,0.0,0.0,0.0,1.0
1780641177,904880576,19.371856689453125,9.400601387023926,2.8883230686187744,0.0,0.0,0.0,1.0
1780641177,954880576,19.376543045043945,9.400813102722168,2.8885140419006348,0.0,0.0,0.0,1.0
1780641178,3883392,19.380985260009766,9.400774955749512,2.888526201248169,0.0,0.0,0.0,1.0
1780641178,53883392,19.385173797607422,9.400494575500488,2.8883492946624756,0.0,0.0,0.0,1.0
1780641178,103885952,19.389087677001953,9.39999008178711,2.8875155448913574,0.0,0.0,0.0,1.0
1780641178,154885952,19.392711639404297,9.39925765991211,2.886662244796753,0.0,0.0,0.0,1.0
1780641178,203888768,19.398181915283203,9.398754119873047,2.8859517574310303,0.0,0.0,0.0,1.0
1780641178,253888768,19.403099060058594,9.397911071777344,2.8852949142456055,0.0,0.0,0.0,1.0
1780641178,304891584,19.40758514404297,9.396638870239258,2.8847830295562744,0.0,0.0,0.0,1.0
1780641178,353891584,19.41290283203125,9.395647048950195,2.8836240768432617,0.0,0.0,0.0,1.0
1780641178,403894400,19.417593002319336,9.394299507141113,2.8825154304504395,0.0,0.0,0.0,1.0
1780641178,453894400,19.42211151123047,9.392881393432617,2.8813421726226807,0.0,0.0,0.0,1.0
1780641178,504898752,19.425439834594727,9.391267776489258,2.8803606033325195,0.0,0.0,0.0,1.0
1780641178,553898752,19.42825698852539,9.389557838439941,2.879934787750244,0.0,0.0,0.0,1.0
1780641178,603903616,19.43035125732422,9.387829780578613,2.8794760704040527,0.0,0.0,0.0,1.0
1780641178,653903616,19.431814193725586,9.386180877685547,2.8792741298675537,0.0,0.0,0.0,1.0
1780641178,704906432,19.432846069335938,9.384468078613281,2.880021810531616,0.0,0.0,0.0,1.0
1780641178,753906432,19.433597564697266,9.382416725158691,2.88277530670166,0.0,0.0,0.0,1.0
1780641178,803910016,19.433744430541992,9.380776405334473,2.885178804397583,0.0,0.0,0.0,1.0
1780641178,853910016,19.43329620361328,9.37960147857666,2.887491464614868,0.0,0.0,0.0,1.0
1780641178,904912832,19.432485580444336,9.378937721252441,2.8906266689300537,0.0,0.0,0.0,1.0
1780641178,953912832,19.431610107421875,9.378949165344238,2.8962032794952393,0.0,0.0,0.0,1.0
1780641179,3915648,19.430185317993164,9.379399299621582,2.9006619453430176,0.0,0.0,0.0,1.0
1780641179,53915648,19.428197860717773,9.3803071975708,2.9047515392303467,0.0,0.0,0.0,1.0
1780641179,103919232,19.42574119567871,9.381601333618164,2.908369302749634,0.0,0.0,0.0,1.0
1780641179,154919232,19.42342758178711,9.383091926574707,2.9120569229125977,0.0,0.0,0.0,1.0
1780641179,203922048,19.422069549560547,9.384517669677734,2.916544198989868,0.0,0.0,0.0,1.0
1780641179,253922048,19.42017364501953,9.38633918762207,2.920501232147217,0.0,0.0,0.0,1.0
1780641179,304925120,19.418149948120117,9.388372421264648,2.9243383407592773,0.0,0.0,0.0,1.0
1780641179,353925120,19.416461944580078,9.390470504760742,2.928628444671631,0.0,0.0,0.0,1.0
1780641179,403927680,19.414295196533203,9.392823219299316,2.9318318367004395,0.0,0.0,0.0,1.0
1780641179,453927680,19.411701202392578,9.395413398742676,2.934096574783325,0.0,0.0,0.0,1.0
1780641179,504932544,19.40924072265625,9.397991180419922,2.9354617595672607,0.0,0.0,0.0,1.0
1780641179,553932544,19.40757942199707,9.40026569366455,2.9369351863861084,0.0,0.0,0.0,1.0
1780641179,603937152,19.405576705932617,9.40252685546875,2.9373958110809326,0.0,0.0,0.0,1.0
1780641179,653937152,19.403289794921875,9.4048433303833,2.9373629093170166,0.0,0.0,0.0,1.0
1780641179,704939968,19.401641845703125,9.406760215759277,2.936906099319458,0.0,0.0,0.0,1.0
1780641179,753939968,19.402124404907227,9.407795906066895,2.936382293701172,0.0,0.0,0.0,1.0
1780641179,803945856,19.40200424194336,9.408733367919922,2.9351558685302734,0.0,0.0,0.0,1.0
1780641179,853945856,19.40144157409668,9.409483909606934,2.9336867332458496,0.0,0.0,0.0,1.0
1780641179,904948416,19.400983810424805,9.410123825073242,2.932058334350586,0.0,0.0,0.0,1.0
1780641179,953948416,19.40156364440918,9.410722732543945,2.930234432220459,0.0,0.0,0.0,1.0
1780641180,3951232,19.401620864868164,9.411137580871582,2.9279356002807617,0.0,0.0,0.0,1.0
1780641180,53951232,19.40126609802246,9.411288261413574,2.9253549575805664,0.0,0.0,0.0,1.0
1780641180,103952512,19.400474548339844,9.411243438720703,2.9221808910369873,0.0,0.0,0.0,1.0
1780641180,153952512,19.399742126464844,9.41074275970459,2.918463706970215,0.0,0.0,0.0,1.0
1780641180,203955328,19.40021514892578,9.409381866455078,2.9132862091064453,0.0,0.0,0.0,1.0
1780641180,253955328,19.40011215209961,9.407805442810059,2.9085419178009033,0.0,0.0,0.0,1.0
1780641180,303958656,19.400005340576172,9.406020164489746,2.903977394104004,0.0,0.0,0.0,1.0
1780641180,353958656,19.40069580078125,9.403975486755371,2.8994522094726562,0.0,0.0,0.0,1.0
1780641180,403964032,19.40060043334961,9.401975631713867,2.895378589630127,0.0,0.0,0.0,1.0
1780641180,453964032,19.39995002746582,9.399937629699707,2.891561508178711,0.0,0.0,0.0,1.0
1780641180,503966848,19.39908218383789,9.397560119628906,2.88804030418396,0.0,0.0,0.0,1.0
1780641180,553966848,19.39875030517578,9.3945951461792,2.884765625,0.0,0.0,0.0,1.0
1780641180,603972224,19.397624969482422,9.391752243041992,2.8811705112457275,0.0,0.0,0.0,1.0
1780641180,653972224,19.395843505859375,9.388626098632812,2.878084182739258,0.0,0.0,0.0,1.0
1780641180,703975296,19.393648147583008,9.384994506835938,2.875762701034546,0.0,0.0,0.0,1.0
1780641180,753975296,19.39151382446289,9.380437850952148,2.874547243118286,0.0,0.0,0.0,1.0
1780641180,803980672,19.388656616210938,9.375685691833496,2.8734827041625977,0.0,0.0,0.0,1.0
1780641180,853980672,19.385147094726562,9.370787620544434,2.8725433349609375,0.0,0.0,0.0,1.0
1780641180,903985280,19.38117790222168,9.365455627441406,2.8717753887176514,0.0,0.0,0.0,1.0
1780641180,953985280,19.37725067138672,9.359374046325684,2.8717331886291504,0.0,0.0,0.0,1.0
1780641181,3980928,19.37278938293457,9.353301048278809,2.8715641498565674,0.0,0.0,0.0,1.0
1780641181,53980928,19.367876052856445,9.347173690795898,2.8716349601745605,0.0,0.0,0.0,1.0
1780641181,103984000,19.362607955932617,9.340951919555664,2.871713638305664,0.0,0.0,0.0,1.0
1780641181,153984000,19.357227325439453,9.33470630645752,2.871997833251953,0.0,0.0,0.0,1.0
1780641181,203987840,19.354148864746094,9.328094482421875,2.87113881111145,0.0,0.0,0.0,1.0
1780641181,253987840,19.350740432739258,9.321416854858398,2.870614767074585,0.0,0.0,0.0,1.0
1780641181,303990656,19.347225189208984,9.314953804016113,2.8701303005218506,0.0,0.0,0.0,1.0
1780641181,353990656,19.34553337097168,9.307228088378906,2.8707432746887207,0.0,0.0,0.0,1.0
1780641181,403994496,19.3436222076416,9.299650192260742,2.8715531826019287,0.0,0.0,0.0,1.0
1780641181,453994496,19.341590881347656,9.292323112487793,2.8725879192352295,0.0,0.0,0.0,1.0
1780641181,503997824,19.339641571044922,9.285269737243652,2.873751163482666,0.0,0.0,0.0,1.0
1780641181,553997824,19.33863639831543,9.277827262878418,2.8745014667510986,0.0,0.0,0.0,1.0
1780641181,604000384,19.337610244750977,9.270588874816895,2.875059127807617,0.0,0.0,0.0,1.0
1780641181,654000384,19.33659553527832,9.263606071472168,2.8755290508270264,0.0,0.0,0.0,1.0
1780641181,704004736,19.335664749145508,9.257113456726074,2.8757734298706055,0.0,0.0,0.0,1.0
1780641181,754004736,19.336755752563477,9.250716209411621,2.8754231929779053,0.0,0.0,0.0,1.0
1780641181,804004736,19.33768081665039,9.244722366333008,2.875270366668701,0.0,0.0,0.0,1.0
1780641181,854004736,19.33833122253418,9.239171981811523,2.875293731689453,0.0,0.0,0.0,1.0
1780641181,904009088,19.33871841430664,9.234055519104004,2.8755688667297363,0.0,0.0,0.0,1.0
1780641181,954009088,19.341503143310547,9.22836971282959,2.8762664794921875,0.0,0.0,0.0,1.0
1780641182,4009088,19.34371566772461,9.223251342773438,2.876767635345459,0.0,0.0,0.0,1.0
1780641182,54009088,19.345428466796875,9.218844413757324,2.8770952224731445,0.0,0.0,0.0,1.0
1780641182,104011136,19.34659194946289,9.214920997619629,2.877309560775757,0.0,0.0,0.0,1.0
1780641182,154011136,19.347257614135742,9.211518287658691,2.8773818016052246,0.0,0.0,0.0,1.0
1780641182,204012672,19.349157333374023,9.207807540893555,2.879412889480591,0.0,0.0,0.0,1.0
1780641182,254012672,19.35044288635254,9.20469856262207,2.881014823913574,0.0,0.0,0.0,1.0
1780641182,304014720,19.35114288330078,9.202143669128418,2.882261037826538,0.0,0.0,0.0,1.0
1780641182,354014720,19.351652145385742,9.202169418334961,2.88303542137146,0.0,0.0,0.0,1.0
1780641182,404017536,19.351747512817383,9.202424049377441,2.883787155151367,0.0,0.0,0.0,1.0
1780641182,454017536,19.35148811340332,9.203024864196777,2.8843255043029785,0.0,0.0,0.0,1.0
1780641182,504020096,19.351001739501953,9.203876495361328,2.8843774795532227,0.0,0.0,0.0,1.0
1780641182,554020096,19.35196304321289,9.204228401184082,2.884679079055786,0.0,0.0,0.0,1.0
1780641182,604022656,19.35259437561035,9.20458698272705,2.8851394653320312,0.0,0.0,0.0,1.0
1780641182,654022656,19.35307502746582,9.205023765563965,2.8853797912597656,0.0,0.0,0.0,1.0
1780641182,704027264,19.353479385375977,9.205397605895996,2.8849518299102783,0.0,0.0,0.0,1.0
1780641182,754027264,19.355606079101562,9.20613956451416,2.8853554725646973,0.0,0.0,0.0,1.0
1780641182,804028288,19.357603073120117,9.20656967163086,2.8854894638061523,0.0,0.0,0.0,1.0
1780641182,854028288,19.35955047607422,9.206809997558594,2.8853378295898438,0.0,0.0,0.0,1.0
1780641182,904029312,19.36146354675293,9.206735610961914,2.884199619293213,0.0,0.0,0.0,1.0
1780641182,954029312,19.365341186523438,9.206393241882324,2.884021520614624,0.0,0.0,0.0,1.0
1780641183,4032896,19.368377685546875,9.205490112304688,2.8833961486816406,0.0,0.0,0.0,1.0
1780641183,54032896,19.371355056762695,9.204365730285645,2.8824970722198486,0.0,0.0,0.0,1.0
1780641183,104036480,19.374332427978516,9.20300006866455,2.8811960220336914,0.0,0.0,0.0,1.0
1780641183,155036480,19.377866744995117,9.201214790344238,2.880051612854004,0.0,0.0,0.0,1.0
1780641183,204036480,19.383075714111328,9.19935131072998,2.878849744796753,0.0,0.0,0.0,1.0
1780641183,254036480,19.38800048828125,9.19726276397705,2.8776819705963135,0.0,0.0,0.0,1.0
1780641183,305038272,19.393529891967773,9.195091247558594,2.8762686252593994,0.0,0.0,0.0,1.0
1780641183,355038272,19.401086807250977,9.193477630615234,2.8744399547576904,0.0,0.0,0.0,1.0
1780641183,404039296,19.40803337097168,9.191763877868652,2.8722691535949707,0.0,0.0,0.0,1.0
1780641183,454039296,19.414508819580078,9.189933776855469,2.870412826538086,0.0,0.0,0.0,1.0
1780641183,504042112,19.420379638671875,9.188437461853027,2.8686399459838867,0.0,0.0,0.0,1.0
1780641183,554042112,19.426681518554688,9.187582969665527,2.865104913711548,0.0,0.0,0.0,1.0
1780641183,604043648,19.43258285522461,9.187091827392578,2.8614466190338135,0.0,0.0,0.0,1.0
1780641183,654043648,19.437807083129883,9.186988830566406,2.858280658721924,0.0,0.0,0.0,1.0
1780641183,705044160,19.44253921508789,9.187600135803223,2.8549721240997314,0.0,0.0,0.0,1.0
1780641183,754044160,19.44706916809082,9.189933776855469,2.8507025241851807,0.0,0.0,0.0,1.0
1780641183,804047232,19.450777053833008,9.192590713500977,2.8473079204559326,0.0,0.0,0.0,1.0
1780641183,854047232,19.45372772216797,9.195648193359375,2.8447091579437256,0.0,0.0,0.0,1.0
1780641183,904048512,19.4559268951416,9.199055671691895,2.842850685119629,0.0,0.0,0.0,1.0
1780641183,954048512,19.457807540893555,9.20335578918457,2.841466188430786,0.0,0.0,0.0,1.0
1780641184,4050816,19.459020614624023,9.208330154418945,2.84060001373291,0.0,0.0,0.0,1.0
1780641184,54050816,19.45943832397461,9.213752746582031,2.84023118019104,0.0,0.0,0.0,1.0
1780641184,105051584,19.459135055541992,9.219792366027832,2.8402180671691895,0.0,0.0,0.0,1.0
1780641184,154051584,19.458110809326172,9.226337432861328,2.8406853675842285,0.0,0.0,0.0,1.0
1780641184,204054144,19.45867347717285,9.233564376831055,2.8424899578094482,0.0,0.0,0.0,1.0
1780641184,254054144,19.458484649658203,9.241250038146973,2.844329833984375,0.0,0.0,0.0,1.0
1780641184,304058240,19.457542419433594,9.249393463134766,2.846144676208496,0.0,0.0,0.0,1.0
1780641184,354058240,19.457855224609375,9.258689880371094,2.847755193710327,0.0,0.0,0.0,1.0
1780641184,404059008,19.45789909362793,9.26840591430664,2.849655866622925,0.0,0.0,0.0,1.0
1780641184,454059008,19.457275390625,9.278111457824707,2.851639747619629,0.0,0.0,0.0,1.0
1780641184,504062592,19.455900192260742,9.288015365600586,2.853660821914673,0.0,0.0,0.0,1.0
1780641184,554062592,19.45572853088379,9.298135757446289,2.8559985160827637,0.0,0.0,0.0,1.0
1780641184,604064640,19.45536231994629,9.308131217956543,2.8584823608398438,0.0,0.0,0.0,1.0
1780641184,654064640,19.454265594482422,9.317867279052734,2.861023426055908,0.0,0.0,0.0,1.0
1780641184,705065664,19.453136444091797,9.32750415802002,2.863969564437866,0.0,0.0,0.0,1.0
1780641184,754065664,19.45328140258789,9.336832046508789,2.8678853511810303,0.0,0.0,0.0,1.0
1780641184,804071552,19.452659606933594,9.345815658569336,2.8714616298675537,0.0,0.0,0.0,1.0
1780641184,854071552,19.451332092285156,9.354357719421387,2.874663829803467,0.0,0.0,0.0,1.0
1780641184,904071552,19.44944190979004,9.362295150756836,2.877317190170288,0.0,0.0,0.0,1.0
1780641184,954071552,19.44938087463379,9.369756698608398,2.879457712173462,0.0,0.0,0.0,1.0
1780641185,4074368,19.449499130249023,9.376498222351074,2.8812687397003174,0.0,0.0,0.0,1.0
1780641185,54074368,19.448942184448242,9.382794380187988,2.8829731941223145,0.0,0.0,0.0,1.0
1780641185,104074880,19.44804573059082,9.388477325439453,2.884669780731201,0.0,0.0,0.0,1.0
1780641185,155074880,19.446823120117188,9.393657684326172,2.8861846923828125,0.0,0.0,0.0,1.0
1780641185,204077440,19.447566986083984,9.398930549621582,2.887216806411743,0.0,0.0,0.0,1.0
1780641185,254077440,19.448118209838867,9.403653144836426,2.8880045413970947,0.0,0.0,0.0,1.0
1780641185,304077952,19.44856071472168,9.407941818237305,2.888458728790283,0.0,0.0,0.0,1.0
1780641185,354077952,19.450796127319336,9.412196159362793,2.889652729034424,0.0,0.0,0.0,1.0
1780641185,404078720,19.45357322692871,9.416129112243652,2.8907370567321777,0.0,0.0,0.0,1.0
1780641185,454078720,19.456357955932617,9.419768333435059,2.8918449878692627,0.0,0.0,0.0,1.0
1780641185,504079488,19.459211349487305,9.423188209533691,2.893226146697998,0.0,0.0,0.0,1.0
1780641185,554079488,19.463762283325195,9.426326751708984,2.8961849212646484,0.0,0.0,0.0,1.0
1780641185,604077440,19.468826293945312,9.429409980773926,2.899428129196167,0.0,0.0,0.0,1.0
1780641185,654077440,19.473861694335938,9.432499885559082,2.90238356590271,0.0,0.0,0.0,1.0
1780641185,705077952,19.479509353637695,9.435504913330078,2.905856132507324,0.0,0.0,0.0,1.0
1780641185,754077952,19.486587524414062,9.438114166259766,2.9109690189361572,0.0,0.0,0.0,1.0
1780641185,804079744,19.493206024169922,9.440975189208984,2.9158782958984375,0.0,0.0,0.0,1.0
1780641185,854079744,19.49936866760254,9.444128036499023,2.920060396194458,0.0,0.0,0.0,1.0
1780641185,905080256,19.505231857299805,9.447697639465332,2.923600673675537,0.0,0.0,0.0,1.0
1780641185,954080256,19.511247634887695,9.452075958251953,2.926797389984131,0.0,0.0,0.0,1.0
1780641186,4085120,19.516338348388672,9.456657409667969,2.9296271800994873,0.0,0.0,0.0,1.0
1780641186,54085120,19.52051544189453,9.461609840393066,2.9320082664489746,0.0,0.0,0.0,1.0
1780641186,104085888,19.523649215698242,9.466861724853516,2.933911085128784,0.0,0.0,0.0,1.0
1780641186,154085888,19.525699615478516,9.472332000732422,2.9353225231170654,0.0,0.0,0.0,1.0
1780641186,204085120,19.528427124023438,9.47728443145752,2.937426805496216,0.0,0.0,0.0,1.0
1780641186,254085120,19.529781341552734,9.482488632202148,2.9389607906341553,0.0,0.0,0.0,1.0
1780641186,304086400,19.52983283996582,9.487699508666992,2.9400453567504883,0.0,0.0,0.0,1.0
1780641186,354086400,19.530258178710938,9.492666244506836,2.9413132667541504,0.0,0.0,0.0,1.0
1780641186,404087168,19.529766082763672,9.497474670410156,2.9425806999206543,0.0,0.0,0.0,1.0
1780641186,454087168,19.527820587158203,9.502238273620605,2.9432473182678223,0.0,0.0,0.0,1.0
1780641186,504091776,19.524490356445312,9.506937980651855,2.943341016769409,0.0,0.0,0.0,1.0
1780641186,554091776,19.521045684814453,9.510932922363281,2.946340799331665,0.0,0.0,0.0,1.0
1780641186,604093824,19.516483306884766,9.514639854431152,2.94956374168396,0.0,0.0,0.0,1.0
1780641186,654093824,19.510604858398438,9.518041610717773,2.9517576694488525,0.0,0.0,0.0,1.0
1780641186,705094848,19.503971099853516,9.520991325378418,2.953791618347168,0.0,0.0,0.0,1.0
1780641186,754094848,19.49677848815918,9.523534774780273,2.9579551219940186,0.0,0.0,0.0,1.0
1780641186,804097408,19.488428115844727,9.525668144226074,2.96116042137146,0.0,0.0,0.0,1.0
1780641186,854097408,19.479101181030273,9.52734661102295,2.963052749633789,0.0,0.0,0.0,1.0
1780641186,904098176,19.46884536743164,9.528616905212402,2.9633612632751465,0.0,0.0,0.0,1.0
1780641186,954098176,19.4597225189209,9.529014587402344,2.9651613235473633,0.0,0.0,0.0,1.0
1780641187,4098688,19.45013999938965,9.528949737548828,2.96687650680542,0.0,0.0,0.0,1.0
1780641187,54098688,19.439882278442383,9.528562545776367,2.9673638343811035,0.0,0.0,0.0,1.0
1780641187,104103296,19.428918838500977,9.527902603149414,2.966804265975952,0.0,0.0,0.0,1.0
1780641187,154103296,19.417339324951172,9.526987075805664,2.965373992919922,0.0,0.0,0.0,1.0
1780641187,204103808,19.406845092773438,9.525461196899414,2.9651381969451904,0.0,0.0,0.0,1.0
1780641187,254103808,19.395803451538086,9.523774147033691,2.9639618396759033,0.0,0.0,0.0,1.0
1780641187,304105856,19.384532928466797,9.521930694580078,2.962071180343628,0.0,0.0,0.0,1.0
1780641187,354105856,19.374744415283203,9.520441055297852,2.960179567337036,0.0,0.0,0.0,1.0
1780641187,404106368,19.365467071533203,9.518912315368652,2.9578235149383545,0.0,0.0,0.0,1.0
1780641187,454106368,19.35621452331543,9.51728630065918,2.9548661708831787,0.0,0.0,0.0,1.0
1780641187,504112000,19.347476959228516,9.515619277954102,2.951507568359375,0.0,0.0,0.0,1.0
1780641187,554112000,19.340782165527344,9.514176368713379,2.9482762813568115,0.0,0.0,0.0,1.0
1780641187,604114816,19.335023880004883,9.51272964477539,2.9447474479675293,0.0,0.0,0.0,1.0
1780641187,654114816,19.32948112487793,9.511093139648438,2.940636157989502,0.0,0.0,0.0,1.0
1780641187,704115328,19.32438850402832,9.509255409240723,2.9361376762390137,0.0,0.0,0.0,1.0
1780641187,754115328,19.321332931518555,9.507022857666016,2.9312961101531982,0.0,0.0,0.0,1.0
1780641187,804120704,19.31861114501953,9.504652976989746,2.926201343536377,0.0,0.0,0.0,1.0
1780641187,854120704,19.31633758544922,9.502099990844727,2.9209442138671875,0.0,0.0,0.0,1.0
1780641187,904121472,19.314550399780273,9.499329566955566,2.9155995845794678,0.0,0.0,0.0,1.0
1780641187,954121472,19.31549835205078,9.495332717895508,2.9116287231445312,0.0,0.0,0.0,1.0
1780641188,4121216,19.316679000854492,9.491272926330566,2.9076647758483887,0.0,0.0,0.0,1.0
1780641188,54121216,19.318143844604492,9.48708438873291,2.903928279876709,0.0,0.0,0.0,1.0
1780641188,104121728,19.319942474365234,9.482648849487305,2.900412082672119,0.0,0.0,0.0,1.0
1780641188,154121728,19.322080612182617,9.478075981140137,2.8971123695373535,0.0,0.0,0.0,1.0
1780641188,204121984,19.326173782348633,9.472528457641602,2.892871856689453,0.0,0.0,0.0,1.0
1780641188,254121984,19.33043670654297,9.466960906982422,2.889169931411743,0.0,0.0,0.0,1.0
1780641188,304124032,19.33490562438965,9.461347579956055,2.885986089706421,0.0,0.0,0.0,1.0
1780641188,354124032,19.340906143188477,9.455436706542969,2.8818869590759277,0.0,0.0,0.0,1.0
1780641188,404125824,19.34684944152832,9.449673652648926,2.8782408237457275,0.0,0.0,0.0,1.0
1780641188,454125824,19.35279655456543,9.444008827209473,2.8749513626098633,0.0,0.0,0.0,1.0
1780641188,504126336,19.35869026184082,9.438545227050781,2.872037887573242,0.0,0.0,0.0,1.0
1780641188,554126336,19.365489959716797,9.433439254760742,2.869656801223755,0.0,0.0,0.0,1.0
1780641188,604131200,19.372058868408203,9.428531646728516,2.867858648300171,0.0,0.0,0.0,1.0
1780641188,654131200,19.3782901763916,9.424010276794434,2.866555690765381,0.0,0.0,0.0,1.0
1780641188,704132480,19.38421058654785,9.419859886169434,2.865709066390991,0.0,0.0,0.0,1.0
1780641188,754132480,19.39002799987793,9.415072441101074,2.865690231323242,0.0,0.0,0.0,1.0
1780641188,804136064,19.395278930664062,9.410953521728516,2.8656692504882812,0.0,0.0,0.0,1.0
1780641188,854136064,19.39995574951172,9.407434463500977,2.8659396171569824,0.0,0.0,0.0,1.0
1780641188,904139648,19.40397071838379,9.404508590698242,2.8664286136627197,0.0,0.0,0.0,1.0
1780641188,954139648,19.40728187561035,9.401532173156738,2.8672947883605957,0.0,0.0,0.0,1.0
1780641189,4143232,19.40995216369629,9.399160385131836,2.868091583251953,0.0,0.0,0.0,1.0
1780641189,54143232,19.411869049072266,9.397409439086914,2.869119882583618,0.0,0.0,0.0,1.0
1780641189,104144256,19.413124084472656,9.396167755126953,2.8702232837677,0.0,0.0,0.0,1.0
1780641189,154144256,19.413660049438477,9.395365715026855,2.8714544773101807,0.0,0.0,0.0,1.0
1780641189,204148096,19.413759231567383,9.393507957458496,2.8734235763549805,0.0,0.0,0.0,1.0
1780641189,254148096,19.413169860839844,9.392144203186035,2.875340700149536,0.0,0.0,0.0,1.0
1780641189,304150400,19.411901473999023,9.391244888305664,2.8763954639434814,0.0,0.0,0.0,1.0
1780641189,354150400,19.4101505279541,9.390313148498535,2.8784143924713135,0.0,0.0,0.0,1.0
1780641189,404151168,19.40785789489746,9.389666557312012,2.8800721168518066,0.0,0.0,0.0,1.0
1780641189,454151168,19.405120849609375,9.389257431030273,2.881685972213745,0.0,0.0,0.0,1.0
1780641189,504151936,19.401975631713867,9.389010429382324,2.882672071456909,0.0,0.0,0.0,1.0
1780641189,554151936,19.397329330444336,9.388635635375977,2.882993698120117,0.0,0.0,0.0,1.0
1780641189,604155520,19.392383575439453,9.388457298278809,2.8825466632843018,0.0,0.0,0.0,1.0
1780641189,654155520,19.38699722290039,9.388174057006836,2.8818280696868896,0.0,0.0,0.0,1.0
1780641189,705156288,19.381742477416992,9.38805103302002,2.8812155723571777,0.0,0.0,0.0,1.0
1780641189,754156288,19.376556396484375,9.387709617614746,2.88073992729187,0.0,0.0,0.0,1.0
1780641189,804158592,19.37129783630371,9.387479782104492,2.880358934402466,0.0,0.0,0.0,1.0
1780641189,854158592,19.36595916748047,9.387359619140625,2.880060911178589,0.0,0.0,0.0,1.0
1780641189,905159616,19.360809326171875,9.387267112731934,2.8788206577301025,0.0,0.0,0.0,1.0
1780641189,954159616,19.355955123901367,9.387145042419434,2.8754613399505615,0.0,0.0,0.0,1.0
1780641190,4164736,19.351119995117188,9.38717269897461,2.872549295425415,0.0,0.0,0.0,1.0
1780641190,54164736,19.346267700195312,9.387333869934082,2.8701746463775635,0.0,0.0,0.0,1.0
1780641190,104169088,19.34160614013672,9.387537956237793,2.8683180809020996,0.0,0.0,0.0,1.0
1780641190,155169088,19.337614059448242,9.387578964233398,2.8664629459381104,0.0,0.0,0.0,1.0
1780641190,204172928,19.335365295410156,9.387019157409668,2.8638691902160645,0.0,0.0,0.0,1.0
1780641190,254172928,19.333221435546875,9.386641502380371,2.8617050647735596,0.0,0.0,0.0,1.0
1780641190,305178304,19.331565856933594,9.386391639709473,2.8595941066741943,0.0,0.0,0.0,1.0
1780641190,354178304,19.331092834472656,9.385961532592773,2.8574204444885254,0.0,0.0,0.0,1.0
1780641190,404182912,19.330711364746094,9.385699272155762,2.8556370735168457,0.0,0.0,0.0,1.0
1780641190,454182912,19.330337524414062,9.385647773742676,2.854095935821533,0.0,0.0,0.0,1.0
1780641190,505184704,19.330520629882812,9.38563060760498,2.8521578311920166,0.0,0.0,0.0,1.0
1780641190,554184704,19.331972122192383,9.385504722595215,2.849337339401245,0.0,0.0,0.0,1.0
1780641190,604189056,19.33345603942871,9.385499000549316,2.8466529846191406,0.0,0.0,0.0,1.0
1780641190,654189056,19.335006713867188,9.38547134399414,2.8444347381591797,0.0,0.0,0.0,1.0
1780641190,705189056,19.337060928344727,9.385066986083984,2.8421993255615234,0.0,0.0,0.0,1.0
1780641190,754189056,19.34052848815918,9.383561134338379,2.8394007682800293,0.0,0.0,0.0,1.0
1780641190,804193152,19.343891143798828,9.382089614868164,2.8370189666748047,0.0,0.0,0.0,1.0
1780641190,854193152,19.347171783447266,9.380620002746582,2.835226058959961,0.0,0.0,0.0,1.0
1780641190,905194432,19.350385665893555,9.378775596618652,2.833944320678711,0.0,0.0,0.0,1.0
1780641190,954194432,19.35358428955078,9.375993728637695,2.8332133293151855,0.0,0.0,0.0,1.0
1780641191,4197504,19.356704711914062,9.373305320739746,2.832751512527466,0.0,0.0,0.0,1.0
1780641191,54197504,19.3597354888916,9.370657920837402,2.8327150344848633,0.0,0.0,0.0,1.0
1780641191,104197760,19.362655639648438,9.367995262145996,2.832946538925171,0.0,0.0,0.0,1.0
1780641191,155197760,19.365625381469727,9.36458969116211,2.833721399307251,0.0,0.0,0.0,1.0
1780641191,204199296,19.368900299072266,9.359405517578125,2.8348958492279053,0.0,0.0,0.0,1.0
1780641191,254199296,19.371959686279297,9.354643821716309,2.836371898651123,0.0,0.0,0.0,1.0
1780641191,304201600,19.374826431274414,9.349709510803223,2.838275909423828,0.0,0.0,0.0,1.0
1780641191,354201600,19.37751579284668,9.343562126159668,2.8416574001312256,0.0,0.0,0.0,1.0
1780641191,404202880,19.379976272583008,9.338147163391113,2.8451733589172363,0.0,0.0,0.0,1.0
1780641191,454202880,19.382081985473633,9.333539009094238,2.84859299659729,0.0,0.0,0.0,1.0
1780641191,504206720,19.38350486755371,9.329313278198242,2.8520917892456055,0.0,0.0,0.0,1.0
1780641191,554206720,19.38360595703125,9.32508373260498,2.856229305267334,0.0,0.0,0.0,1.0
1780641191,604210560,19.38355827331543,9.321755409240723,2.8601887226104736,0.0,0.0,0.0,1.0
1780641191,654210560,19.383329391479492,9.319315910339355,2.863942861557007,0.0,0.0,0.0,1.0
1780641191,704214144,19.382509231567383,9.317325592041016,2.867388963699341,0.0,0.0,0.0,1.0
1780641191,754214144,19.38051414489746,9.315023422241211,2.8709166049957275,0.0,0.0,0.0,1.0
1780641191,804215936,19.378416061401367,9.313703536987305,2.874516725540161,0.0,0.0,0.0,1.0
1780641191,854215936,19.37628746032715,9.313322067260742,2.8777356147766113,0.0,0.0,0.0,1.0
1780641191,904219520,19.373987197875977,9.31350040435791,2.8798046112060547,0.0,0.0,0.0,1.0
1780641191,954219520,19.371335983276367,9.313643455505371,2.8801276683807373,0.0,0.0,0.0,1.0
1780641192,4223872,19.36870574951172,9.314620018005371,2.8801627159118652,0.0,0.0,0.0,1.0
1780641192,54223872,19.366060256958008,9.316500663757324,2.8804895877838135,0.0,0.0,0.0,1.0
1780641192,104228224,19.36334991455078,9.319056510925293,2.881206750869751,0.0,0.0,0.0,1.0
1780641192,154228224,19.36063003540039,9.322244644165039,2.8818602561950684,0.0,0.0,0.0,1.0
1780641192,204229760,19.358535766601562,9.324601173400879,2.88144588470459,0.0,0.0,0.0,1.0
1780641192,254229760,19.35634994506836,9.327555656433105,2.8811726570129395,0.0,0.0,0.0,1.0
1780641192,304232320,19.353914260864258,9.331183433532715,2.8810174465179443,0.0,0.0,0.0,1.0
1780641192,354232320,19.351404190063477,9.334590911865234,2.8804094791412354,0.0,0.0,0.0,1.0
1780641192,404237184,19.348779678344727,9.338218688964844,2.879837989807129,0.0,0.0,0.0,1.0
1780641192,454237184,19.345727920532227,9.342496871948242,2.8792388439178467,0.0,0.0,0.0,1.0
1780641192,504240256,19.34244728088379,9.34682846069336,2.8790903091430664,0.0,0.0,0.0,1.0
1780641192,554240256,19.338815689086914,9.35111141204834,2.880537509918213,0.0,0.0,0.0,1.0
1780641192,604245120,19.334882736206055,9.355618476867676,2.881770372390747,0.0,0.0,0.0,1.0
1780641192,654245120,19.330581665039062,9.360396385192871,2.882943630218506,0.0,0.0,0.0,1.0
1780641192,704247168,19.32587432861328,9.365382194519043,2.884204387664795,0.0,0.0,0.0,1.0
1780641192,754247168,19.32234001159668,9.370060920715332,2.8875744342803955,0.0,0.0,0.0,1.0
1780641192,804249984,19.318912506103516,9.374650001525879,2.8912441730499268,0.0,0.0,0.0,1.0
1780641192,854249984,19.31511116027832,9.379321098327637,2.8944149017333984,0.0,0.0,0.0,1.0
1780641192,904251264,19.31123161315918,9.384089469909668,2.897498846054077,0.0,0.0,0.0,1.0
1780641192,954251264,19.30788803100586,9.389135360717773,2.900650978088379,0.0,0.0,0.0,1.0
1780641193,4252800,19.30426025390625,9.3941650390625,2.903127908706665,0.0,0.0,0.0,1.0
1780641193,54252800,19.300376892089844,9.399153709411621,2.905245780944824,0.0,0.0,0.0,1.0
1780641193,104254080,19.296419143676758,9.403965950012207,2.9070613384246826,0.0,0.0,0.0,1.0
1780641193,154254080,19.292325973510742,9.408628463745117,2.908757209777832,0.0,0.0,0.0,1.0
1780641193,204255872,19.29070472717285,9.41335391998291,2.9114792346954346,0.0,0.0,0.0,1.0
1780641193,254255872,19.288875579833984,9.417926788330078,2.913705348968506,0.0,0.0,0.0,1.0
1780641193,304258944,19.286962509155273,9.422378540039062,2.915357828140259,0.0,0.0,0.0,1.0
1780641193,354258944,19.28636360168457,9.426753044128418,2.9166743755340576,0.0,0.0,0.0,1.0
1780641193,404263552,19.28546905517578,9.430953025817871,2.917717456817627,0.0,0.0,0.0,1.0
1780641193,454263552,19.284395217895508,9.434945106506348,2.918261766433716,0.0,0.0,0.0,1.0
1780641193,504263552,19.283031463623047,9.438802719116211,2.918336868286133,0.0,0.0,0.0,1.0
1780641193,554263552,19.283973693847656,9.443490028381348,2.9195919036865234,0.0,0.0,0.0,1.0
1780641193,604267136,19.284421920776367,9.447805404663086,2.920320749282837,0.0,0.0,0.0,1.0
1780641193,654267136,19.28449249267578,9.451715469360352,2.920585870742798,0.0,0.0,0.0,1.0
1780641193,704268672,19.28419303894043,9.455235481262207,2.920421838760376,0.0,0.0,0.0,1.0
1780641193,754268672,19.284868240356445,9.458837509155273,2.9214439392089844,0.0,0.0,0.0,1.0
1780641193,804268672,19.285017013549805,9.461939811706543,2.9218578338623047,0.0,0.0,0.0,1.0
1780641193,854268672,19.28480339050293,9.464452743530273,2.9220337867736816,0.0,0.0,0.0,1.0
1780641193,904269952,19.28421974182129,9.466416358947754,2.9219493865966797,0.0,0.0,0.0,1.0
1780641193,954269952,19.285423278808594,9.46866512298584,2.9202136993408203,0.0,0.0,0.0,1.0
1780641194,4272000,19.28611946105957,9.470361709594727,2.9182426929473877,0.0,0.0,0.0,1.0
1780641194,54272000,19.286497116088867,9.47142505645752,2.9161791801452637,0.0,0.0,0.0,1.0
1780641194,104276352,19.28656578063965,9.471789360046387,2.9140453338623047,0.0,0.0,0.0,1.0
1780641194,154276352,19.286514282226562,9.471468925476074,2.911870241165161,0.0,0.0,0.0,1.0
1780641194,204274560,19.288616180419922,9.47197437286377,2.909571886062622,0.0,0.0,0.0,1.0
1780641194,254274560,19.291202545166016,9.472098350524902,2.90749454498291,0.0,0.0,0.0,1.0
1780641194,304275584,19.293670654296875,9.471400260925293,2.90563702583313,0.0,0.0,0.0,1.0
1780641194,354275584,19.29936408996582,9.470818519592285,2.905754566192627,0.0,0.0,0.0,1.0
1780641194,404279936,19.304704666137695,9.469486236572266,2.9057047367095947,0.0,0.0,0.0,1.0
1780641194,454279936,19.309755325317383,9.467448234558105,2.9055514335632324,0.0,0.0,0.0,1.0
1780641194,504284288,19.31462860107422,9.464674949645996,2.9053146839141846,0.0,0.0,0.0,1.0
1780641194,554284288,19.321096420288086,9.46157169342041,2.9061248302459717,0.0,0.0,0.0,1.0
1780641194,604287360,19.32783317565918,9.457849502563477,2.907109498977661,0.0,0.0,0.0,1.0
1780641194,654287360,19.334163665771484,9.453620910644531,2.907724142074585,0.0,0.0,0.0,1.0
1780641194,704291712,19.34020233154297,9.44887924194336,2.908007860183716,0.0,0.0,0.0,1.0
1780641194,754291712,19.348018646240234,9.444056510925293,2.9087252616882324,0.0,0.0,0.0,1.0
1780641194,804292224,19.355915069580078,9.438946723937988,2.9095778465270996,0.0,0.0,0.0,1.0
1780641194,854292224,19.363170623779297,9.433636665344238,2.9103312492370605,0.0,0.0,0.0,1.0
1780641194,904295296,19.369802474975586,9.42832088470459,2.911001682281494,0.0,0.0,0.0,1.0
1780641194,954295296,19.37743377685547,9.4231595993042,2.9109108448028564,0.0,0.0,0.0,1.0
1780641195,4299904,19.38475227355957,9.418084144592285,2.9105730056762695,0.0,0.0,0.0,1.0
1780641195,54299904,19.391231536865234,9.413147926330566,2.910078525543213,0.0,0.0,0.0,1.0
1780641195,104299392,19.3969783782959,9.408289909362793,2.909409761428833,0.0,0.0,0.0,1.0
1780641195,154299392,19.402015686035156,9.403623580932617,2.9085335731506348,0.0,0.0,0.0,1.0
1780641195,204301696,19.40793228149414,9.399447441101074,2.907196283340454,0.0,0.0,0.0,1.0
1780641195,254301696,19.413415908813477,9.395551681518555,2.905601978302002,0.0,0.0,0.0,1.0
1780641195,304306304,19.418027877807617,9.391918182373047,2.9038619995117188,0.0,0.0,0.0,1.0
1780641195,354306304,19.422657012939453,9.389050483703613,2.9027788639068604,0.0,0.0,0.0,1.0
1780641195,404310912,19.426799774169922,9.386476516723633,2.901806116104126,0.0,0.0,0.0,1.0
1780641195,454310912,19.430143356323242,9.38425350189209,2.9007816314697266,0.0,0.0,0.0,1.0
1780641195,504313472,19.43274688720703,9.38228702545166,2.899693012237549,0.0,0.0,0.0,1.0
1780641195,554313472,19.437559127807617,9.38058090209961,2.899538040161133,0.0,0.0,0.0,1.0
1780641195,604317056,19.441452026367188,9.379178047180176,2.899134635925293,0.0,0.0,0.0,1.0
1780641195,654317056,19.444517135620117,9.377923011779785,2.898710250854492,0.0,0.0,0.0,1.0
1780641195,704316544,19.446792602539062,9.376928329467773,2.8982489109039307,0.0,0.0,0.0,1.0
1780641195,754316544,19.450265884399414,9.375819206237793,2.8995726108551025,0.0,0.0,0.0,1.0
1780641195,804316544,19.453510284423828,9.37478256225586,2.9010989665985107,0.0,0.0,0.0,1.0
1780641195,854316544,19.455907821655273,9.373933792114258,2.902164936065674,0.0,0.0,0.0,1.0
1780641195,904318848,19.4575252532959,9.373259544372559,2.9028820991516113,0.0,0.0,0.0,1.0
1780641195,954318848,19.460857391357422,9.372414588928223,2.903879404067993,0.0,0.0,0.0,1.0
1780641196,4322944,19.464014053344727,9.37157917022705,2.9048523902893066,0.0,0.0,0.0,1.0
1780641196,54322944,19.466182708740234,9.370734214782715,2.905416488647461,0.0,0.0,0.0,1.0
1780641196,104325504,19.46756362915039,9.36984634399414,2.9056754112243652,0.0,0.0,0.0,1.0
1780641196,154325504,19.468183517456055,9.368926048278809,2.9056217670440674,0.0,0.0,0.0,1.0
1780641196,204323968,19.468345642089844,9.367746353149414,2.9062657356262207,0.0,0.0,0.0,1.0
1780641196,254323968,19.467824935913086,9.366423606872559,2.907048225402832,0.0,0.0,0.0,1.0
1780641196,304326528,19.4666690826416,9.36502456665039,2.907682418823242,0.0,0.0,0.0,1.0
1780641196,354326528,19.466102600097656,9.362258911132812,2.910128355026245,0.0,0.0,0.0,1.0
1780641196,404330880,19.465295791625977,9.359147071838379,2.912740707397461,0.0,0.0,0.0,1.0
1780641196,454330880,19.46388816833496,9.35610580444336,2.9145708084106445,0.0,0.0,0.0,1.0
1780641196,504335232,19.462051391601562,9.353219985961914,2.915658712387085,0.0,0.0,0.0,1.0
1780641196,554335232,19.459529876708984,9.34937858581543,2.9174108505249023,0.0,0.0,0.0,1.0
1780641196,604336512,19.456621170043945,9.345412254333496,2.918867588043213,0.0,0.0,0.0,1.0
1780641196,654336512,19.45349884033203,9.341679573059082,2.919621467590332,0.0,0.0,0.0,1.0
1780641196,704336512,19.450061798095703,9.338091850280762,2.919828176498413,0.0,0.0,0.0,1.0
1780641196,754336512,19.446619033813477,9.33337688446045,2.9208526611328125,0.0,0.0,0.0,1.0
1780641196,804341120,19.443117141723633,9.328638076782227,2.9217634201049805,0.0,0.0,0.0,1.0
1780641196,854341120,19.4394588470459,9.324321746826172,2.9220829010009766,0.0,0.0,0.0,1.0
1780641196,904345472,19.43562889099121,9.320422172546387,2.9218971729278564,0.0,0.0,0.0,1.0
1780641196,954345472,19.4312744140625,9.316177368164062,2.9216206073760986,0.0,0.0,0.0,1.0
1780641197,4350080,19.426776885986328,9.312174797058105,2.92118763923645,0.0,0.0,0.0,1.0
1780641197,54350080,19.422290802001953,9.308635711669922,2.9204795360565186,0.0,0.0,0.0,1.0
1780641197,104354688,19.4177303314209,9.30552864074707,2.9195351600646973,0.0,0.0,0.0,1.0
1780641197,154354688,19.413230895996094,9.302825927734375,2.918257474899292,0.0,0.0,0.0,1.0
1780641197,204357504,19.40839385986328,9.298751831054688,2.916945219039917,0.0,0.0,0.0,1.0
1780641197,254357504,19.403579711914062,9.294678688049316,2.9157261848449707,0.0,0.0,0.0,1.0
1780641197,304361856,19.39886474609375,9.291193962097168,2.9144997596740723,0.0,0.0,0.0,1.0
1780641197,354361856,19.39275360107422,9.286601066589355,2.9123735427856445,0.0,0.0,0.0,1.0
1780641197,404355200,19.38653564453125,9.282251358032227,2.9100701808929443,0.0,0.0,0.0,1.0
1780641197,454355200,19.380592346191406,9.278615951538086,2.907749891281128,0.0,0.0,0.0,1.0
1780641197,504359296,19.375017166137695,9.275681495666504,2.905412435531616,0.0,0.0,0.0,1.0
1780641197,554359296,19.368301391601562,9.27188491821289,2.9030869007110596,0.0,0.0,0.0,1.0
1780641197,604362624,19.361614227294922,9.268383026123047,2.900831937789917,0.0,0.0,0.0,1.0
1780641197,654362624,19.355619430541992,9.265607833862305,2.8986871242523193,0.0,0.0,0.0,1.0
1780641197,704362624,19.350263595581055,9.263529777526855,2.896634817123413,0.0,0.0,0.0,1.0
1780641197,754362624,19.34462547302246,9.2614107131958,2.8956284523010254,0.0,0.0,0.0,1.0
1780641197,804365184,19.338916778564453,9.25936508178711,2.895078659057617,0.0,0.0,0.0,1.0
1780641197,854365184,19.334054946899414,9.258052825927734,2.8945391178131104,0.0,0.0,0.0,1.0
1780641197,904367232,19.329980850219727,9.25747299194336,2.893341541290283,0.0,0.0,0.0,1.0
1780641197,954367232,19.325759887695312,9.256563186645508,2.892056703567505,0.0,0.0,0.0,1.0
1780641198,4369024,19.321552276611328,9.255571365356445,2.8906989097595215,0.0,0.0,0.0,1.0
1780641198,54369024,19.318300247192383,9.255335807800293,2.8895602226257324,0.0,0.0,0.0,1.0
1780641198,105371072,19.31585693359375,9.255711555480957,2.888413429260254,0.0,0.0,0.0,1.0
1780641198,154371072,19.314189910888672,9.256852149963379,2.8875794410705566,0.0,0.0,0.0,1.0
1780641198,204372864,19.313154220581055,9.25853443145752,2.8868765830993652,0.0,0.0,0.0,1.0
1780641198,254372864,19.310216903686523,9.257919311523438,2.8868424892425537,0.0,0.0,0.0,1.0
1780641198,304371840,19.30790901184082,9.257984161376953,2.8867392539978027,0.0,0.0,0.0,1.0
1780641198,354371840,19.305768966674805,9.25818157196045,2.8847835063934326,0.0,0.0,0.0,1.0
1780641198,404373888,19.30385398864746,9.25864315032959,2.8808724880218506,0.0,0.0,0.0,1.0
1780641198,454373888,19.302305221557617,9.25963306427002,2.8775312900543213,0.0,0.0,0.0,1.0
1780641198,504374656,19.300983428955078,9.26121997833252,2.873626470565796,0.0,0.0,0.0,1.0
1780641198,554374656,19.298961639404297,9.260639190673828,2.870482921600342,0.0,0.0,0.0,1.0
1780641198,604376192,19.297033309936523,9.260481834411621,2.8681247234344482,0.0,0.0,0.0,1.0
1780641198,654376192,19.295013427734375,9.260871887207031,2.8662474155426025,0.0,0.0,0.0,1.0
1780641198,704375680,19.292875289916992,9.261635780334473,2.864652156829834,0.0,0.0,0.0,1.0
1780641198,754375680,19.289596557617188,9.261350631713867,2.864454507827759,0.0,0.0,0.0,1.0
1780641198,804377472,19.28638458251953,9.261679649353027,2.8653669357299805,0.0,0.0,0.0,1.0
1780641198,854377472,19.283172607421875,9.262373924255371,2.8664567470550537,0.0,0.0,0.0,1.0
1780641198,905381824,19.27981185913086,9.263136863708496,2.8683359622955322,0.0,0.0,0.0,1.0
1780641198,954381824,19.27604866027832,9.263609886169434,2.8717241287231445,0.0,0.0,0.0,1.0
1780641199,4381824,19.272504806518555,9.264456748962402,2.874835252761841,0.0,0.0,0.0,1.0
1780641199,54381824,19.26923179626465,9.265600204467773,2.8776321411132812,0.0,0.0,0.0,1.0
1780641199,104384896,19.2662410736084,9.267146110534668,2.87996244430542,0.0,0.0,0.0,1.0
1780641199,154384896,19.263626098632812,9.268877029418945,2.881922483444214,0.0,0.0,0.0,1.0
1780641199,204386944,19.26044273376465,9.269904136657715,2.885429859161377,0.0,0.0,0.0,1.0
1780641199,254386944,19.257837295532227,9.27106761932373,2.8883912563323975,0.0,0.0,0.0,1.0
1780641199,304385920,19.255779266357422,9.27250862121582,2.8905837535858154,0.0,0.0,0.0,1.0
1780641199,354385920,19.25406837463379,9.272951126098633,2.892460823059082,0.0,0.0,0.0,1.0
1780641199,404388992,19.252918243408203,9.2731351852417,2.8937230110168457,0.0,0.0,0.0,1.0
1780641199,454388992,19.252439498901367,9.273639678955078,2.8942079544067383,0.0,0.0,0.0,1.0
1780641199,504391296,19.25263786315918,9.27432918548584,2.893806219100952,0.0,0.0,0.0,1.0
1780641199,554391296,19.25440788269043,9.273386001586914,2.8945200443267822,0.0,0.0,0.0,1.0
1780641199,604392832,19.256948471069336,9.272021293640137,2.8951451778411865,0.0,0.0,0.0,1.0
1780641199,654392832,19.259944915771484,9.270838737487793,2.895496129989624,0.0,0.0,0.0,1.0
1780641199,704395904,19.263381958007812,9.269754409790039,2.895883798599243,0.0,0.0,0.0,1.0
1780641199,754395904,19.26686668395996,9.268389701843262,2.896811008453369,0.0,0.0,0.0,1.0
1780641199,804397184,19.270776748657227,9.267022132873535,2.8978095054626465,0.0,0.0,0.0,1.0
1780641199,854397184,19.275259017944336,9.265701293945312,2.898782253265381,0.0,0.0,0.0,1.0
1780641199,905400000,19.27982521057129,9.264274597167969,2.8996686935424805,0.0,0.0,0.0,1.0
1780641199,954400000,19.283658981323242,9.262659072875977,2.900362014770508,0.0,0.0,0.0,1.0
1780641200,4400768,19.288223266601562,9.261137962341309,2.9008142948150635,0.0,0.0,0.0,1.0
1780641200,54400768,19.293458938598633,9.259688377380371,2.901284694671631,0.0,0.0,0.0,1.0
1780641200,104403840,19.299192428588867,9.258354187011719,2.9018216133117676,0.0,0.0,0.0,1.0
1780641200,154403840,19.30541229248047,9.256978034973145,2.9021143913269043,0.0,0.0,0.0,1.0
1780641200,204406656,19.31020164489746,9.254664421081543,2.902458906173706,0.0,0.0,0.0,1.0
1780641200,254406656,19.31542205810547,9.2525053024292,2.9027798175811768,0.0,0.0,0.0,1.0
1780641200,304407680,19.321332931518555,9.250421524047852,2.9031260013580322,0.0,0.0,0.0,1.0
1780641200,354407680,19.327070236206055,9.247116088867188,2.9038455486297607,0.0,0.0,0.0,1.0
1780641200,404406912,19.333332061767578,9.243544578552246,2.9045050144195557,0.0,0.0,0.0,1.0
1780641200,454406912,19.339962005615234,9.240192413330078,2.905137300491333,0.0,0.0,0.0,1.0
1780641200,504406912,19.346847534179688,9.237079620361328,2.9055845737457275,0.0,0.0,0.0,1.0
1780641200,554406912,19.353662490844727,9.233733177185059,2.9061672687530518,0.0,0.0,0.0,1.0
1780641200,604408960,19.360546112060547,9.230478286743164,2.906712055206299,0.0,0.0,0.0,1.0
1780641200,654408960,19.367633819580078,9.227194786071777,2.9070844650268555,0.0,0.0,0.0,1.0
1780641200,704411776,19.37482261657715,9.22389030456543,2.9072813987731934,0.0,0.0,0.0,1.0
1780641200,754411776,19.381011962890625,9.220418930053711,2.907989025115967,0.0,0.0,0.0,1.0
1780641200,804413312,19.387245178222656,9.216840744018555,2.908566474914551,0.0,0.0,0.0,1.0
1780641200,854413312,19.393402099609375,9.213326454162598,2.9087045192718506,0.0,0.0,0.0,1.0
1780641200,904416640,19.399633407592773,9.209738731384277,2.9084274768829346,0.0,0.0,0.0,1.0
1780641200,954416640,19.40428924560547,9.205949783325195,2.906475305557251,0.0,0.0,0.0,1.0
1780641201,4419456,19.408601760864258,9.202166557312012,2.9041476249694824,0.0,0.0,0.0,1.0
1780641201,54419456,19.413055419921875,9.198625564575195,2.9019644260406494,0.0,0.0,0.0,1.0
1780641201,104422528,19.41747283935547,9.195561408996582,2.899675130844116,0.0,0.0,0.0,1.0
1780641201,154422528,19.42194175720215,9.19287395477295,2.897624969482422,0.0,0.0,0.0,1.0
1780641201,204425600,19.426496505737305,9.190918922424316,2.890815019607544,0.0,0.0,0.0,1.0
1780641201,254425600,19.430997848510742,9.189342498779297,2.8849544525146484,0.0,0.0,0.0,1.0
1780641201,304428928,19.435361862182617,9.188283920288086,2.879936456680298,0.0,0.0,0.0,1.0
1780641201,354428928,19.439613342285156,9.187638282775879,2.8736114501953125,0.0,0.0,0.0,1.0
1780641201,404430464,19.443824768066406,9.187504768371582,2.8677549362182617,0.0,0.0,0.0,1.0
1780641201,454430464,19.447986602783203,9.187956809997559,2.862966775894165,0.0,0.0,0.0,1.0
1780641201,504427392,19.45195198059082,9.189017295837402,2.859163522720337,0.0,0.0,0.0,1.0
1780641201,554427392,19.455568313598633,9.19061279296875,2.856638193130493,0.0,0.0,0.0,1.0
1780641201,604429696,19.458942413330078,9.192773818969727,2.8549883365631104,0.0,0.0,0.0,1.0
1780641201,654429696,19.46187973022461,9.195422172546387,2.8538875579833984,0.0,0.0,0.0,1.0
1780641201,704433280,19.464372634887695,9.198662757873535,2.853365659713745,0.0,0.0,0.0,1.0
1780641201,754433280,19.466751098632812,9.201980590820312,2.8542706966400146,0.0,0.0,0.0,1.0
1780641201,804437120,19.4683780670166,9.205665588378906,2.8553428649902344,0.0,0.0,0.0,1.0
1780641201,854437120,19.468841552734375,9.209772109985352,2.8563623428344727,0.0,0.0,0.0,1.0
1780641201,904438144,19.468505859375,9.214303970336914,2.857070207595825,0.0,0.0,0.0,1.0
1780641201,954438144,19.467798233032227,9.219091415405273,2.857123613357544,0.0,0.0,0.0,1.0
1780641202,4440960,19.465810775756836,9.224342346191406,2.8575167655944824,0.0,0.0,0.0,1.0
1780641202,54440960,19.462570190429688,9.229941368103027,2.8580825328826904,0.0,0.0,0.0,1.0
1780641202,104441472,19.458105087280273,9.235901832580566,2.8588314056396484,0.0,0.0,0.0,1.0
1780641202,154441472,19.452327728271484,9.242024421691895,2.859912872314453,0.0,0.0,0.0,1.0
1780641202,204444288,19.446941375732422,9.249228477478027,2.8604767322540283,0.0,0.0,0.0,1.0
1780641202,254444288,19.440383911132812,9.256732940673828,2.861051321029663,0.0,0.0,0.0,1.0
1780641202,304445312,19.43293571472168,9.264253616333008,2.861652135848999,0.0,0.0,0.0,1.0
1780641202,354445312,19.425077438354492,9.272933959960938,2.8605988025665283,0.0,0.0,0.0,1.0
1780641202,404445312,19.416706085205078,9.281441688537598,2.8596644401550293,0.0,0.0,0.0,1.0
1780641202,454445312,19.407747268676758,9.289899826049805,2.859201431274414,0.0,0.0,0.0,1.0
1780641202,504447616,19.39864158630371,9.297860145568848,2.8591160774230957,0.0,0.0,0.0,1.0
1780641202,554447616,19.389158248901367,9.306859016418457,2.8606808185577393,0.0,0.0,0.0,1.0
1780641202,604450432,19.379587173461914,9.315590858459473,2.862447500228882,0.0,0.0,0.0,1.0
1780641202,654450432,19.370370864868164,9.324028968811035,2.864450216293335,0.0,0.0,0.0,1.0
1780641202,704453504,19.361356735229492,9.332365989685059,2.8666722774505615,0.0,0.0,0.0,1.0
1780641202,754453504,19.354475021362305,9.340943336486816,2.872865676879883,0.0,0.0,0.0,1.0
1780641202,804456832,19.347614288330078,9.349117279052734,2.8787412643432617,0.0,0.0,0.0,1.0
1780641202,854456832,19.34087371826172,9.356901168823242,2.884119749069214,0.0,0.0,0.0,1.0
1780641202,904458624,19.334253311157227,9.364507675170898,2.8890926837921143,0.0,0.0,0.0,1.0
1780641202,954458624,19.329120635986328,9.37234878540039,2.896228790283203,0.0,0.0,0.0,1.0
1780641203,4460672,19.324602127075195,9.380056381225586,2.9034359455108643,0.0,0.0,0.0,1.0
1780641203,54460672,19.31999969482422,9.38774585723877,2.910327434539795,0.0,0.0,0.0,1.0
1780641203,104464000,19.315473556518555,9.395092010498047,2.916741371154785,0.0,0.0,0.0,1.0
1780641203,154464000,19.3109073638916,9.402299880981445,2.9225733280181885,0.0,0.0,0.0,1.0
1780641203,204466816,19.30842399597168,9.408950805664062,2.9303057193756104,0.0,0.0,0.0,1.0
1780641203,254466816,19.305809020996094,9.415184020996094,2.936347246170044,0.0,0.0,0.0,1.0
1780641203,304466816,19.302886962890625,9.421294212341309,2.9407308101654053,0.0,0.0,0.0,1.0
1780641203,354466816,19.30184555053711,9.42802906036377,2.9432437419891357,0.0,0.0,0.0,1.0
1780641203,404466560,19.30091094970703,9.434527397155762,2.944281578063965,0.0,0.0,0.0,1.0
1780641203,454466560,19.299427032470703,9.440408706665039,2.94425106048584,0.0,0.0,0.0,1.0
1780641203,504467840,19.297468185424805,9.445725440979004,2.9432013034820557,0.0,0.0,0.0,1.0
1780641203,554467840,19.29670524597168,9.451151847839355,2.939809799194336,0.0,0.0,0.0,1.0
1780641203,604469632,19.29585838317871,9.456161499023438,2.9351139068603516,0.0,0.0,0.0,1.0
1780641203,654469632,19.294511795043945,9.46027660369873,2.929616928100586,0.0,0.0,0.0,1.0
1780641203,704468352,19.292591094970703,9.463574409484863,2.9234752655029297,0.0,0.0,0.0,1.0
1780641203,754468352,19.29191017150879,9.466904640197754,2.916688919067383,0.0,0.0,0.0,1.0
1780641203,804471168,19.291112899780273,9.469587326049805,2.909864664077759,0.0,0.0,0.0,1.0
1780641203,854471168,19.289857864379883,9.47126579284668,2.903407335281372,0.0,0.0,0.0,1.0
1780641203,904471936,19.288143157958984,9.47199535369873,2.8973195552825928,0.0,0.0,0.0,1.0
1780641203,954471936,19.287498474121094,9.472023963928223,2.8912768363952637,0.0,0.0,0.0,1.0
1780641204,4474240,19.287796020507812,9.471426963806152,2.8852763175964355,0.0,0.0,0.0,1.0
1780641204,54474240,19.28765296936035,9.470099449157715,2.8797905445098877,0.0,0.0,0.0,1.0
1780641204,104475008,19.287033081054688,9.468246459960938,2.8743929862976074,0.0,0.0,0.0,1.0
1780641204,154475008,19.285980224609375,9.465924263000488,2.869501829147339,0.0,0.0,0.0,1.0
1780641204,204477312,19.286287307739258,9.463526725769043,2.8663361072540283,0.0,0.0,0.0,1.0
1780641204,254477312,19.2877254486084,9.460897445678711,2.864877700805664,0.0,0.0,0.0,1.0
1780641204,304479616,19.288671493530273,9.458181381225586,2.8636281490325928,0.0,0.0,0.0,1.0
1780641204,354479616,19.290128707885742,9.455836296081543,2.862657308578491,0.0,0.0,0.0,1.0
1780641204,404481920,19.29296875,9.4539213180542,2.8621699810028076,0.0,0.0,0.0,1.0
1780641204,454481920,19.29425811767578,9.451891899108887,2.861680746078491,0.0,0.0,0.0,1.0
1780641204,504483712,19.29500389099121,9.44983196258545,2.86083722114563,0.0,0.0,0.0,1.0
1780641204,554483712,19.297344207763672,9.44859790802002,2.860429525375366,0.0,0.0,0.0,1.0
1780641204,604486784,19.299983978271484,9.44761848449707,2.86026930809021,0.0,0.0,0.0,1.0
1780641204,654486784,19.302515029907227,9.446817398071289,2.860602617263794,0.0,0.0,0.0,1.0
1780641204,704489856,19.305065155029297,9.446331024169922,2.8611600399017334,0.0,0.0,0.0,1.0
1780641204,754489856,19.30983543395996,9.446382522583008,2.864471673965454,0.0,0.0,0.0,1.0
1780641204,804492160,19.31532859802246,9.44676399230957,2.8685173988342285,0.0,0.0,0.0,1.0
1780641204,855492160,19.3209171295166,9.447266578674316,2.87250018119812,0.0,0.0,0.0,1.0
1780641204,904494464,19.326702117919922,9.447709083557129,2.8763387203216553,0.0,0.0,0.0,1.0
1780641204,954494464,19.334022521972656,9.448996543884277,2.879302740097046,0.0,0.0,0.0,1.0
1780641205,4496768,19.341917037963867,9.450547218322754,2.8815701007843018,0.0,0.0,0.0,1.0
1780641205,54496768,19.349857330322266,9.452285766601562,2.883854866027832,0.0,0.0,0.0,1.0
1780641205,104497536,19.358036041259766,9.454099655151367,2.885698080062866,0.0,0.0,0.0,1.0
1780641205,154497536,19.36635398864746,9.455865859985352,2.887155532836914,0.0,0.0,0.0,1.0
1780641205,204499840,19.377267837524414,9.457106590270996,2.88669753074646,0.0,0.0,0.0,1.0
1780641205,254499840,19.38759422302246,9.458101272583008,2.886212110519409,0.0,0.0,0.0,1.0
1780641205,304504192,19.397624969482422,9.458876609802246,2.885345220565796,0.0,0.0,0.0,1.0
1780641205,354504192,19.409563064575195,9.459086418151855,2.883551836013794,0.0,0.0,0.0,1.0
1780641205,404507264,19.42169189453125,9.458722114562988,2.88163423538208,0.0,0.0,0.0,1.0
1780641205,454507264,19.43310546875,9.457757949829102,2.879890203475952,0.0,0.0,0.0,1.0
1780641205,504510592,19.44362449645996,9.456182479858398,2.8783295154571533,0.0,0.0,0.0,1.0
1780641205,555510592,19.455724716186523,9.453566551208496,2.877396821975708,0.0,0.0,0.0,1.0
1780641205,604512384,19.467533111572266,9.450141906738281,2.8766818046569824,0.0,0.0,0.0,1.0
1780641205,654512384,19.47818374633789,9.446073532104492,2.8760478496551514,0.0,0.0,0.0,1.0
1780641205,704515456,19.488122940063477,9.4410982131958,2.8754658699035645,0.0,0.0,0.0,1.0
1780641205,754515456,19.498865127563477,9.435599327087402,2.875932216644287,0.0,0.0,0.0,1.0
1780641205,804515200,19.509004592895508,9.429459571838379,2.876667022705078,0.0,0.0,0.0,1.0
1780641205,854515200,19.51809310913086,9.42271614074707,2.877298355102539,0.0,0.0,0.0,1.0
1780641205,904518272,19.526058197021484,9.415568351745605,2.8779969215393066,0.0,0.0,0.0,1.0
1780641205,954518272,19.535322189331055,9.407407760620117,2.878955841064453,0.0,0.0,0.0,1.0
1780641206,4521600,19.54431915283203,9.398646354675293,2.8799915313720703,0.0,0.0,0.0,1.0
1780641206,54521600,19.5522403717041,9.389967918395996,2.8810696601867676,0.0,0.0,0.0,1.0
1780641206,104524928,19.559410095214844,9.381139755249023,2.8823320865631104,0.0,0.0,0.0,1.0
1780641206,154524928,19.56562042236328,9.372406005859375,2.8836162090301514,0.0,0.0,0.0,1.0
1780641206,204527744,19.572834014892578,9.363659858703613,2.883730888366699,0.0,0.0,0.0,1.0
1780641206,254527744,19.57918357849121,9.355315208435059,2.8843820095062256,0.0,0.0,0.0,1.0
1780641206,304530560,19.5847225189209,9.347418785095215,2.8853814601898193,0.0,0.0,0.0,1.0
1780641206,354530560,19.591007232666016,9.340524673461914,2.886402130126953,0.0,0.0,0.0,1.0
1780641206,404533888,19.596689224243164,9.334446907043457,2.8874714374542236,0.0,0.0,0.0,1.0
1780641206,454533888,19.601177215576172,9.329054832458496,2.8885772228240967,0.0,0.0,0.0,1.0
1780641206,504536960,19.6044864654541,9.324373245239258,2.8897149562835693,0.0,0.0,0.0,1.0
1780641206,554536960,19.608335494995117,9.32059383392334,2.890723705291748,0.0,0.0,0.0,1.0
1780641206,604538240,19.611257553100586,9.317829132080078,2.891462564468384,0.0,0.0,0.0,1.0
1780641206,654538240,19.612764358520508,9.315918922424316,2.8919825553894043,0.0,0.0,0.0,1.0
1780641206,704539520,19.612985610961914,9.314680099487305,2.8925018310546875,0.0,0.0,0.0,1.0
1780641206,754539520,19.612245559692383,9.314587593078613,2.8961055278778076,0.0,0.0,0.0,1.0
1780641206,804539520,19.610132217407227,9.31523323059082,2.9000656604766846,0.0,0.0,0.0,1.0
1780641206,854539520,19.60650634765625,9.316422462463379,2.903244972229004,0.0,0.0,0.0,1.0
1780641206,904543616,19.601539611816406,9.318106651306152,2.9058430194854736,0.0,0.0,0.0,1.0
1780641206,954543616,19.595964431762695,9.32077693939209,2.909607172012329,0.0,0.0,0.0,1.0
1780641207,4546688,19.589086532592773,9.323927879333496,2.913200616836548,0.0,0.0,0.0,1.0
1780641207,54546688,19.580785751342773,9.327075958251953,2.916684865951538,0.0,0.0,0.0,1.0
1780641207,104547968,19.571002960205078,9.330265998840332,2.9202165603637695,0.0,0.0,0.0,1.0
1780641207,154547968,19.560352325439453,9.333321571350098,2.923508644104004,0.0,0.0,0.0,1.0
1780641207,204547968,19.55207061767578,9.336748123168945,2.9281797409057617,0.0,0.0,0.0,1.0
1780641207,254547968,19.54261016845703,9.34001350402832,2.932126522064209,0.0,0.0,0.0,1.0
1780641207,304551296,19.53186798095703,9.343180656433105,2.935424327850342,0.0,0.0,0.0,1.0
1780641207,354551296,19.521347045898438,9.348084449768066,2.938880443572998,0.0,0.0,0.0,1.0
1780641207,404552064,19.509916305541992,9.352737426757812,2.9420087337493896,0.0,0.0,0.0,1.0
1780641207,454552064,19.497541427612305,9.3571195602417,2.9445252418518066,0.0,0.0,0.0,1.0
1780641207,504555392,19.484575271606445,9.3613862991333,2.9466235637664795,0.0,0.0,0.0,1.0
1780641207,554555392,19.473079681396484,9.366519927978516,2.9494872093200684,0.0,0.0,0.0,1.0
1780641207,604555648,19.461164474487305,9.371612548828125,2.951871395111084,0.0,0.0,0.0,1.0
1780641207,654555648,19.44917106628418,9.376601219177246,2.9533214569091797,0.0,0.0,0.0,1.0
1780641207,704555648,19.437232971191406,9.381514549255371,2.953958511352539,0.0,0.0,0.0,1.0
1780641207,754555648,19.42513084411621,9.387773513793945,2.956434965133667,0.0,0.0,0.0,1.0
1780641207,804554624,19.41325569152832,9.3937349319458,2.957921028137207,0.0,0.0,0.0,1.0
1780641207,854554624,19.40143585205078,9.399568557739258,2.9584457874298096,0.0,0.0,0.0,1.0
1780641207,904555392,19.389772415161133,9.405166625976562,2.957289695739746,0.0,0.0,0.0,1.0
1780641207,954555392,19.379384994506836,9.410987854003906,2.958073377609253,0.0,0.0,0.0,1.0
1780641208,4554368,19.368968963623047,9.416433334350586,2.957812547683716,0.0,0.0,0.0,1.0
1780641208,54554368,19.35881805419922,9.421425819396973,2.956669569015503,0.0,0.0,0.0,1.0
1780641208,104555392,19.34861183166504,9.426090240478516,2.9540703296661377,0.0,0.0,0.0,1.0
1780641208,154555392,19.338605880737305,9.430286407470703,2.950885772705078,0.0,0.0,0.0,1.0
1780641208,204556416,19.329574584960938,9.43435287475586,2.9485654830932617,0.0,0.0,0.0,1.0
1780641208,254556416,19.320711135864258,9.437934875488281,2.9462838172912598,0.0,0.0,0.0,1.0
1780641208,304556160,19.312002182006836,9.441022872924805,2.943319082260132,0.0,0.0,0.0,1.0
1780641208,354556160,19.30299186706543,9.44454288482666,2.9407944679260254,0.0,0.0,0.0,1.0
1780641208,404559232,19.29397964477539,9.448265075683594,2.9382359981536865,0.0,0.0,0.0,1.0
1780641208,454559232,19.284934997558594,9.451339721679688,2.9356937408447266,0.0,0.0,0.0,1.0
1780641208,504560512,19.276031494140625,9.453838348388672,2.9321675300598145,0.0,0.0,0.0,1.0
1780641208,554560512,19.266447067260742,9.458370208740234,2.929591417312622,0.0,0.0,0.0,1.0
1780641208,604560768,19.25735092163086,9.461639404296875,2.9268593788146973,0.0,0.0,0.0,1.0
1780641208,654560768,19.248586654663086,9.464290618896484,2.924311399459839,0.0,0.0,0.0,1.0
1780641208,705561280,19.240140914916992,9.466424942016602,2.921173334121704,0.0,0.0,0.0,1.0
1780641208,754561280,19.232181549072266,9.468371391296387,2.916628360748291,0.0,0.0,0.0,1.0
1780641208,804563072,19.224802017211914,9.469822883605957,2.9122936725616455,0.0,0.0,0.0,1.0
1780641208,854563072,19.218168258666992,9.470766067504883,2.908224582672119,0.0,0.0,0.0,1.0
1780641208,905563840,19.212331771850586,9.47114372253418,2.9035613536834717,0.0,0.0,0.0,1.0
1780641208,954563840,19.207584381103516,9.471189498901367,2.898007392883301,0.0,0.0,0.0,1.0
1780641209,4566144,19.203643798828125,9.470815658569336,2.8931074142456055,0.0,0.0,0.0,1.0
1780641209,54566144,19.20068359375,9.469842910766602,2.888819694519043,0.0,0.0,0.0,1.0
1780641209,104568192,19.198768615722656,9.468504905700684,2.884939670562744,0.0,0.0,0.0,1.0
1780641209,155568192,19.1976318359375,9.466825485229492,2.880476236343384,0.0,0.0,0.0,1.0
1780641209,204569216,19.196640014648438,9.465145111083984,2.873354434967041,0.0,0.0,0.0,1.0
1780641209,254569216,19.196792602539062,9.46295166015625,2.867473840713501,0.0,0.0,0.0,1.0
1780641209,305570496,19.198156356811523,9.460331916809082,2.8615949153900146,0.0,0.0,0.0,1.0
1780641209,354570496,19.200698852539062,9.457855224609375,2.853494644165039,0.0,0.0,0.0,1.0
1780641209,404572032,19.204153060913086,9.454768180847168,2.846703290939331,0.0,0.0,0.0,1.0
1780641209,454572032,19.208606719970703,9.45085334777832,2.8412158489227295,0.0,0.0,0.0,1.0
1780641209,505573824,19.214187622070312,9.446089744567871,2.8367276191711426,0.0,0.0,0.0,1.0
1780641209,554573824,19.221620559692383,9.439738273620605,2.832176923751831,0.0,0.0,0.0,1.0
1780641209,604574080,19.229705810546875,9.432822227478027,2.8286943435668945,0.0,0.0,0.0,1.0
1780641209,654574080,19.23837661743164,9.425498008728027,2.826042652130127,0.0,0.0,0.0,1.0
1780641209,705575872,19.24767303466797,9.417702674865723,2.8242151737213135,0.0,0.0,0.0,1.0
1780641209,754575872,19.256793975830078,9.40951919555664,2.822906970977783,0.0,0.0,0.0,1.0
1780641209,804575872,19.266481399536133,9.400985717773438,2.8223085403442383,0.0,0.0,0.0,1.0
1780641209,855575872,19.2767276763916,9.392102241516113,2.8225152492523193,0.0,0.0,0.0,1.0
1780641209,905577920,19.28717041015625,9.383102416992188,2.823310136795044,0.0,0.0,0.0,1.0
1780641209,954577920,19.29722023010254,9.374900817871094,2.823887586593628,0.0,0.0,0.0,1.0
1780641210,4579456,19.307518005371094,9.366525650024414,2.824906587600708,0.0,0.0,0.0,1.0
1780641210,54579456,19.318071365356445,9.35816478729248,2.8263306617736816,0.0,0.0,0.0,1.0
1780641210,104580992,19.328493118286133,9.349967956542969,2.8280341625213623,0.0,0.0,0.0,1.0
1780641210,154580992,19.338762283325195,9.342000961303711,2.8300621509552,0.0,0.0,0.0,1.0
1780641210,204581248,19.347209930419922,9.335245132446289,2.831908702850342,0.0,0.0,0.0,1.0
1780641210,254581248,19.35540008544922,9.328680038452148,2.834031820297241,0.0,0.0,0.0,1.0
1780641210,305583040,19.36298179626465,9.322336196899414,2.8361475467681885,0.0,0.0,0.0,1.0
1780641210,354583040,19.368732452392578,9.315673828125,2.840275764465332,0.0,0.0,0.0,1.0
1780641210,404586368,19.37372398376465,9.309576988220215,2.8444199562072754,0.0,0.0,0.0,1.0
1780641210,454586368,19.37824249267578,9.303524017333984,2.8486695289611816,0.0,0.0,0.0,1.0
1780641210,505587904,19.38182830810547,9.297653198242188,2.8528246879577637,0.0,0.0,0.0,1.0
1780641210,555587904,19.382465362548828,9.291898727416992,2.857457160949707,0.0,0.0,0.0,1.0
1780641210,604587136,19.382598876953125,9.286417961120605,2.8620142936706543,0.0,0.0,0.0,1.0
1780641210,654587136,19.382143020629883,9.281396865844727,2.866337776184082,0.0,0.0,0.0,1.0
1780641210,705588416,19.381013870239258,9.27682876586914,2.87039852142334,0.0,0.0,0.0,1.0
1780641210,754588416,19.377735137939453,9.273544311523438,2.874910593032837,0.0,0.0,0.0,1.0
1780641210,804590464,19.37412452697754,9.270991325378418,2.8791537284851074,0.0,0.0,0.0,1.0
1780641210,854590464,19.370344161987305,9.26921558380127,2.8833322525024414,0.0,0.0,0.0,1.0
1780641210,905592512,19.366586685180664,9.268045425415039,2.887446641921997,0.0,0.0,0.0,1.0
1780641210,954592512,19.362152099609375,9.267387390136719,2.892235517501831,0.0,0.0,0.0,1.0
1780641211,4594560,19.357938766479492,9.267597198486328,2.896538496017456,0.0,0.0,0.0,1.0
1780641211,54594560,19.354028701782227,9.268523216247559,2.90030837059021,0.0,0.0,0.0,1.0
1780641211,104596608,19.350542068481445,9.27004337310791,2.9034371376037598,0.0,0.0,0.0,1.0
1780641211,155596608,19.3475284576416,9.272424697875977,2.906153440475464,0.0,0.0,0.0,1.0
1780641211,204599168,19.343582153320312,9.274618148803711,2.9100120067596436,0.0,0.0,0.0,1.0
1780641211,254599168,19.340171813964844,9.277328491210938,2.9130446910858154,0.0,0.0,0.0,1.0
1780641211,304601472,19.337318420410156,9.280586242675781,2.9153385162353516,0.0,0.0,0.0,1.0
1780641211,354601472,19.33452606201172,9.284695625305176,2.9184682369232178,0.0,0.0,0.0,1.0
1780641211,404603008,19.33211898803711,9.289210319519043,2.921299695968628,0.0,0.0,0.0,1.0
1780641211,454603008,19.330196380615234,9.293924331665039,2.9233832359313965,0.0,0.0,0.0,1.0
1780641211,504604544,19.328725814819336,9.298860549926758,2.924757242202759,0.0,0.0,0.0,1.0
1780641211,554604544,19.328195571899414,9.303523063659668,2.926405906677246,0.0,0.0,0.0,1.0
1780641211,604605568,19.328121185302734,9.307943344116211,2.927725076675415,0.0,0.0,0.0,1.0
1780641211,654605568,19.328401565551758,9.312374114990234,2.9280712604522705,0.0,0.0,0.0,1.0
1780641211,704605568,19.328927993774414,9.316864013671875,2.927640199661255,0.0,0.0,0.0,1.0
1780641211,754605568,19.330078125,9.320549011230469,2.928220748901367,0.0,0.0,0.0,1.0
1780641211,804604800,19.33160972595215,9.323891639709473,2.928755044937134,0.0,0.0,0.0,1.0
1780641211,854604800,19.333402633666992,9.327199935913086,2.928459882736206,0.0,0.0,0.0,1.0
1780641211,904606592,19.33527374267578,9.330193519592285,2.927398920059204,0.0,0.0,0.0,1.0
1780641211,954606592,19.33719253540039,9.33308219909668,2.9281084537506104,0.0,0.0,0.0,1.0
1780641212,4605824,19.339130401611328,9.335679054260254,2.9289705753326416,0.0,0.0,0.0,1.0
1780641212,54605824,19.341049194335938,9.338109016418457,2.929060935974121,0.0,0.0,0.0,1.0
1780641212,104607104,19.342819213867188,9.340449333190918,2.928577184677124,0.0,0.0,0.0,1.0
1780641212,154607104,19.34454917907715,9.342352867126465,2.9277431964874268,0.0,0.0,0.0,1.0
1780641212,204608384,19.345773696899414,9.34379768371582,2.927579641342163,0.0,0.0,0.0,1.0
1780641212,254608384,19.346763610839844,9.345053672790527,2.9273476600646973,0.0,0.0,0.0,1.0
1780641212,304601984,19.34750747680664,9.346378326416016,2.926753044128418,0.0,0.0,0.0,1.0
1780641212,354601984,19.348360061645508,9.346460342407227,2.9252634048461914,0.0,0.0,0.0,1.0
1780641212,404603776,19.34917640686035,9.346214294433594,2.9234187602996826,0.0,0.0,0.0,1.0
1780641212,454603776,19.34970474243164,9.346122741699219,2.9215102195739746,0.0,0.0,0.0,1.0
1780641212,504606336,19.349960327148438,9.3461275100708,2.919597625732422,0.0,0.0,0.0,1.0
1780641212,554606336,19.349191665649414,9.345626831054688,2.9181182384490967,0.0,0.0,0.0,1.0
1780641212,604608896,19.348037719726562,9.345112800598145,2.9166438579559326,0.0,0.0,0.0,1.0
1780641212,654608896,19.346818923950195,9.34482479095459,2.91487979888916,0.0,0.0,0.0,1.0
1780641212,704606592,19.345535278320312,9.344697952270508,2.912809133529663,0.0,0.0,0.0,1.0
1780641212,754606592,19.344568252563477,9.344748497009277,2.908658504486084,0.0,0.0,0.0,1.0
1780641212,804609152,19.34373664855957,9.344923973083496,2.9042913913726807,0.0,0.0,0.0,1.0
1780641212,854609152,19.342817306518555,9.345357894897461,2.90045428276062,0.0,0.0,0.0,1.0
1780641212,904611456,19.341856002807617,9.34595012664795,2.8970530033111572,0.0,0.0,0.0,1.0
1780641212,954611456,19.341331481933594,9.347617149353027,2.893883466720581,0.0,0.0,0.0,1.0
1780641213,4612992,19.34099769592285,9.349576950073242,2.8910229206085205,0.0,0.0,0.0,1.0
1780641213,54612992,19.340681076049805,9.351518630981445,2.8887038230895996,0.0,0.0,0.0,1.0
1780641213,104614528,19.34041976928711,9.353519439697266,2.8868026733398438,0.0,0.0,0.0,1.0
1780641213,155614528,19.340192794799805,9.355629920959473,2.8853518962860107,0.0,0.0,0.0,1.0
1780641213,204615552,19.340335845947266,9.35780143737793,2.883876085281372,0.0,0.0,0.0,1.0
1780641213,254615552,19.340497970581055,9.359947204589844,2.8827948570251465,0.0,0.0,0.0,1.0
1780641213,305616576,19.3407039642334,9.361987113952637,2.882014751434326,0.0,0.0,0.0,1.0
1780641213,354616576,19.34181022644043,9.363677978515625,2.8810715675354004,0.0,0.0,0.0,1.0
1780641213,404619136,19.342832565307617,9.365372657775879,2.880333185195923,0.0,0.0,0.0,1.0
1780641213,454619136,19.343740463256836,9.367094993591309,2.8798537254333496,0.0,0.0,0.0,1.0
1780641213,505618112,19.344558715820312,9.368803977966309,2.879866600036621,0.0,0.0,0.0,1.0
1780641213,554618112,19.34691047668457,9.37156867980957,2.878192663192749,0.0,0.0,0.0,1.0
1780641213,604619904,19.348915100097656,9.374276161193848,2.8768322467803955,0.0,0.0,0.0,1.0
1780641213,654619904,19.350627899169922,9.377044677734375,2.8757832050323486,0.0,0.0,0.0,1.0
1780641213,705620928,19.35207748413086,9.379813194274902,2.875260353088379,0.0,0.0,0.0,1.0
1780641213,754620928,19.35466766357422,9.382705688476562,2.8750271797180176,0.0,0.0,0.0,1.0
1780641213,804623488,19.356765747070312,9.38576889038086,2.875300168991089,0.0,0.0,0.0,1.0
1780641213,854623488,19.358501434326172,9.389044761657715,2.8756179809570312,0.0,0.0,0.0,1.0
1780641213,905626560,19.359853744506836,9.392468452453613,2.876213788986206,0.0,0.0,0.0,1.0
1780641213,954626560,19.36273193359375,9.39646053314209,2.8761537075042725,0.0,0.0,0.0,1.0
1780641214,4627328,19.364933013916016,9.400594711303711,2.8761770725250244,0.0,0.0,0.0,1.0
1780641214,54627328,19.366588592529297,9.404842376708984,2.8763623237609863,0.0,0.0,0.0,1.0
1780641214,104627584,19.367704391479492,9.409101486206055,2.8765711784362793,0.0,0.0,0.0,1.0
1780641214,155627584,19.368324279785156,9.413344383239746,2.8767547607421875,0.0,0.0,0.0,1.0
1780641214,204626560,19.37022590637207,9.418220520019531,2.877474308013916,0.0,0.0,0.0,1.0
1780641214,254626560,19.371519088745117,9.422904968261719,2.8781373500823975,0.0,0.0,0.0,1.0
1780641214,305629632,19.37233543395996,9.427388191223145,2.878999710083008,0.0,0.0,0.0,1.0
1780641214,354629632,19.37507438659668,9.432258605957031,2.880824565887451,0.0,0.0,0.0,1.0
1780641214,404631680,19.377092361450195,9.436800003051758,2.8822617530822754,0.0,0.0,0.0,1.0
1780641214,454631680,19.378427505493164,9.440936088562012,2.883694648742676,0.0,0.0,0.0,1.0
1780641214,505633472,19.379905700683594,9.444748878479004,2.8848628997802734,0.0,0.0,0.0,1.0
1780641214,554633472,19.38260841369629,9.448792457580566,2.8860580921173096,0.0,0.0,0.0,1.0
1780641214,604635008,19.385541915893555,9.45265007019043,2.887277126312256,0.0,0.0,0.0,1.0
1780641214,654635008,19.388051986694336,9.455890655517578,2.8883867263793945,0.0,0.0,0.0,1.0
1780641214,704636288,19.390106201171875,9.458710670471191,2.889374256134033,0.0,0.0,0.0,1.0
1780641214,755636288,19.394086837768555,9.46125602722168,2.8893096446990967,0.0,0.0,0.0,1.0
1780641214,804638080,19.398353576660156,9.463539123535156,2.888932704925537,0.0,0.0,0.0,1.0
1780641214,854638080,19.402254104614258,9.465306282043457,2.888610363006592,0.0,0.0,0.0,1.0
1780641214,904639104,19.406879425048828,9.466777801513672,2.888092517852783,0.0,0.0,0.0,1.0
1780641214,954639104,19.413768768310547,9.468152046203613,2.8868186473846436,0.0,0.0,0.0,1.0
1780641215,4640128,19.42020034790039,9.468937873840332,2.8858046531677246,0.0,0.0,0.0,1.0
1780641215,54640128,19.426406860351562,9.469167709350586,2.8847784996032715,0.0,0.0,0.0,1.0
1780641215,104641152,19.432418823242188,9.46879768371582,2.8835794925689697,0.0,0.0,0.0,1.0
1780641215,154641152,19.438709259033203,9.467904090881348,2.8823952674865723,0.0,0.0,0.0,1.0
1780641215,204642432,19.446128845214844,9.466626167297363,2.8811893463134766,0.0,0.0,0.0,1.0
1780641215,254642432,19.453289031982422,9.464605331420898,2.8801724910736084,0.0,0.0,0.0,1.0
1780641215,304643200,19.460126876831055,9.461824417114258,2.879486560821533,0.0,0.0,0.0,1.0
1780641215,354643200,19.46809959411621,9.459564208984375,2.878993272781372,0.0,0.0,0.0,1.0
1780641215,404646784,19.475736618041992,9.456892967224121,2.8788743019104004,0.0,0.0,0.0,1.0
1780641215,454646784,19.48261070251465,9.453495979309082,2.878692388534546,0.0,0.0,0.0,1.0
1780641215,504648064,19.489545822143555,9.44933032989502,2.8784947395324707,0.0,0.0,0.0,1.0
1780641215,554648064,19.497800827026367,9.444687843322754,2.87860369682312,0.0,0.0,0.0,1.0
1780641215,604648832,19.5048770904541,9.439446449279785,2.8784587383270264,0.0,0.0,0.0,1.0
1780641215,654648832,19.5107479095459,9.433759689331055,2.878364324569702,0.0,0.0,0.0,1.0
1780641215,704650112,19.51611328125,9.428030014038086,2.8780627250671387,0.0,0.0,0.0,1.0
1780641215,754650112,19.522274017333984,9.422335624694824,2.877349376678467,0.0,0.0,0.0,1.0
1780641215,804650880,19.52702522277832,9.416715621948242,2.8767154216766357,0.0,0.0,0.0,1.0
1780641215,854650880,19.53042221069336,9.41115665435791,2.876385450363159,0.0,0.0,0.0,1.0
1780641215,904652416,19.5333309173584,9.406163215637207,2.8760530948638916,0.0,0.0,0.0,1.0
1780641215,954652416,19.537118911743164,9.402257919311523,2.8744654655456543,0.0,0.0,0.0,1.0
1780641216,4653952,19.53961944580078,9.39865493774414,2.8727569580078125,0.0,0.0,0.0,1.0
1780641216,54653952,19.540807723999023,9.395345687866211,2.871217966079712,0.0,0.0,0.0,1.0
1780641216,104655232,19.540857315063477,9.392383575439453,2.8698060512542725,0.0,0.0,0.0,1.0
1780641216,154655232,19.53986167907715,9.389650344848633,2.868645668029785,0.0,0.0,0.0,1.0
1780641216,204658048,19.539541244506836,9.388423919677734,2.868128776550293,0.0,0.0,0.0,1.0
1780641216,254658048,19.538053512573242,9.38737964630127,2.8675537109375,0.0,0.0,0.0,1.0
1780641216,304659072,19.53646469116211,9.386926651000977,2.8667473793029785,0.0,0.0,0.0,1.0
1780641216,354659072,19.536046981811523,9.387795448303223,2.8660848140716553,0.0,0.0,0.0,1.0
1780641216,404661120,19.53463363647461,9.388587951660156,2.865645170211792,0.0,0.0,0.0,1.0
1780641216,454661120,19.532367706298828,9.389227867126465,2.8653526306152344,0.0,0.0,0.0,1.0
1780641216,504662144,19.530200958251953,9.390199661254883,2.864861249923706,0.0,0.0,0.0,1.0
1780641216,554662144,19.529550552368164,9.392363548278809,2.864010810852051,0.0,0.0,0.0,1.0
1780641216,604662656,19.527952194213867,9.394307136535645,2.8636395931243896,0.0,0.0,0.0,1.0
1780641216,654662656,19.525644302368164,9.396025657653809,2.8636813163757324,0.0,0.0,0.0,1.0
1780641216,704663680,19.522611618041992,9.397515296936035,2.8640668392181396,0.0,0.0,0.0,1.0
1780641216,754663680,19.52202796936035,9.400546073913574,2.86287522315979,0.0,0.0,0.0,1.0
1780641216,804665216,19.52060890197754,9.403242111206055,2.8619697093963623,0.0,0.0,0.0,1.0
1780641216,854665216,19.518579483032227,9.405588150024414,2.861400604248047,0.0,0.0,0.0,1.0
1780641216,904666240,19.51592445373535,9.40762710571289,2.8610968589782715,0.0,0.0,0.0,1.0
1780641216,954666240,19.514324188232422,9.410786628723145,2.858593463897705,0.0,0.0,0.0,1.0
1780641217,4667776,19.5119686126709,9.413500785827637,2.8568115234375,0.0,0.0,0.0,1.0
1780641217,54667776,19.508893966674805,9.415816307067871,2.855534076690674,0.0,0.0,0.0,1.0
1780641217,104670336,19.505290985107422,9.41763973236084,2.854740619659424,0.0,0.0,0.0,1.0
1780641217,154670336,19.501127243041992,9.419048309326172,2.854421615600586,0.0,0.0,0.0,1.0
1780641217,204671872,19.499074935913086,9.421966552734375,2.853442668914795,0.0,0.0,0.0,1.0
1780641217,254671872,19.496105194091797,9.424304962158203,2.8529398441314697,0.0,0.0,0.0,1.0
1780641217,304672896,19.492528915405273,9.426027297973633,2.8529014587402344,0.0,0.0,0.0,1.0
1780641217,354672896,19.491621017456055,9.427923202514648,2.8532092571258545,0.0,0.0,0.0,1.0
1780641217,404674176,19.489744186401367,9.429144859313965,2.853984832763672,0.0,0.0,0.0,1.0
1780641217,454674176,19.48694610595703,9.429689407348633,2.855142593383789,0.0,0.0,0.0,1.0
1780641217,504675200,19.483449935913086,9.429608345031738,2.856555700302124,0.0,0.0,0.0,1.0
1780641217,554675200,19.482200622558594,9.43007755279541,2.8580236434936523,0.0,0.0,0.0,1.0
1780641217,604676736,19.47992706298828,9.430039405822754,2.859544515609741,0.0,0.0,0.0,1.0
1780641217,654676736,19.47683334350586,9.429546356201172,2.8612818717956543,0.0,0.0,0.0,1.0
1780641217,704675968,19.472909927368164,9.428633689880371,2.8632640838623047,0.0,0.0,0.0,1.0
1780641217,754675968,19.46868324279785,9.428433418273926,2.8673667907714844,0.0,0.0,0.0,1.0
1780641217,804678784,19.463905334472656,9.427788734436035,2.8715147972106934,0.0,0.0,0.0,1.0
1780641217,854678784,19.45855712890625,9.426836967468262,2.8753767013549805,0.0,0.0,0.0,1.0
1780641217,904680576,19.45234489440918,9.425553321838379,2.879049301147461,0.0,0.0,0.0,1.0
1780641217,954680576,19.446500778198242,9.423301696777344,2.8844549655914307,0.0,0.0,0.0,1.0
1780641218,4681856,19.44009017944336,9.421048164367676,2.88950777053833,0.0,0.0,0.0,1.0
1780641218,54681856,19.433176040649414,9.4188814163208,2.8942878246307373,0.0,0.0,0.0,1.0
1780641218,104680320,19.425647735595703,9.416820526123047,2.8988544940948486,0.0,0.0,0.0,1.0
1780641218,154680320,19.417892456054688,9.414870262145996,2.9036974906921387,0.0,0.0,0.0,1.0
1780641218,204681344,19.410917282104492,9.413185119628906,2.9091482162475586,0.0,0.0,0.0,1.0
1780641218,254681344,19.403425216674805,9.41190242767334,2.913978099822998,0.0,0.0,0.0,1.0
1780641218,304683648,19.395858764648438,9.411016464233398,2.91890025138855,0.0,0.0,0.0,1.0
1780641218,354683648,19.388465881347656,9.410558700561523,2.9249417781829834,0.0,0.0,0.0,1.0
1780641218,404685696,19.38092803955078,9.410484313964844,2.929975986480713,0.0,0.0,0.0,1.0
1780641218,454685696,19.373037338256836,9.41079330444336,2.93416428565979,0.0,0.0,0.0,1.0
1780641218,504685952,19.365556716918945,9.41124439239502,2.938749313354492,0.0,0.0,0.0,1.0
1780641218,554685952,19.358919143676758,9.411514282226562,2.9456160068511963,0.0,0.0,0.0,1.0
1780641218,604685440,19.352130889892578,9.412163734436035,2.9511663913726807,0.0,0.0,0.0,1.0
1780641218,654685440,19.345369338989258,9.41309928894043,2.955399751663208,0.0,0.0,0.0,1.0
1780641218,704687488,19.338808059692383,9.41425609588623,2.9590978622436523,0.0,0.0,0.0,1.0
1780641218,754687488,19.33315086364746,9.41547679901123,2.9633171558380127,0.0,0.0,0.0,1.0
1780641218,804688512,19.327625274658203,9.416850090026855,2.9661102294921875,0.0,0.0,0.0,1.0
1780641218,854688512,19.322208404541016,9.418322563171387,2.9679086208343506,0.0,0.0,0.0,1.0
1780641218,904690304,19.31736946105957,9.419718742370605,2.9692533016204834,0.0,0.0,0.0,1.0
1780641218,954690304,19.313634872436523,9.420804977416992,2.9702117443084717,0.0,0.0,0.0,1.0
1780641219,4693120,19.309885025024414,9.421996116638184,2.9692392349243164,0.0,0.0,0.0,1.0
1780641219,54693120,19.3062801361084,9.423258781433105,2.9661972522735596,0.0,0.0,0.0,1.0
1780641219,104694912,19.302776336669922,9.424529075622559,2.960685968399048,0.0,0.0,0.0,1.0
1780641219,154694912,19.29985809326172,9.425860404968262,2.953066110610962,0.0,0.0,0.0,1.0
1780641219,204697216,19.298126220703125,9.427530288696289,2.9432008266448975,0.0,0.0,0.0,1.0
1780641219,254697216,19.296302795410156,9.429378509521484,2.930623769760132,0.0,0.0,0.0,1.0
1780641219,304699520,19.29469871520996,9.431645393371582,2.915043354034424,0.0,0.0,0.0,1.0
1780641219,354699520,19.293821334838867,9.434720993041992,2.895596504211426,0.0,0.0,0.0,1.0
1780641219,404701824,19.2927188873291,9.437833786010742,2.8738179206848145,0.0,0.0,0.0,1.0
1780641219,454701824,19.29134750366211,9.440986633300781,2.850066661834717,0.0,0.0,0.0,1.0
1780641219,504703360,19.29023551940918,9.443713188171387,2.824615001678467,0.0,0.0,0.0,1.0
1780641219,554703360,19.290367126464844,9.445201873779297,2.7984681129455566,0.0,0.0,0.0,1.0
1780641219,604704384,19.290342330932617,9.446816444396973,2.7711193561553955,0.0,0.0,0.0,1.0
1780641219,654704384,19.289953231811523,9.4484224319458,2.742051601409912,0.0,0.0,0.0,1.0
1780641219,704704896,19.288755416870117,9.449585914611816,2.7125322818756104,0.0,0.0,0.0,1.0
1780641219,754704896,19.285480499267578,9.450139999389648,2.6824638843536377,0.0,0.0,0.0,1.0
1780641219,804706432,19.282432556152344,9.450333595275879,2.652115821838379,0.0,0.0,0.0,1.0
1780641219,854706432,19.27972984313965,9.450060844421387,2.6207642555236816,0.0,0.0,0.0,1.0
1780641219,904706688,19.277498245239258,9.449097633361816,2.5883188247680664,0.0,0.0,0.0,1.0
1780641219,954706688,19.276222229003906,9.447388648986816,2.553900957107544,0.0,0.0,0.0,1.0
1780641220,4707200,19.275352478027344,9.44485092163086,2.5190982818603516,0.0,0.0,0.0,1.0
1780641220,54707200,19.27512550354004,9.441378593444824,2.4844346046447754,0.0,0.0,0.0,1.0
1780641220,104707712,19.275503158569336,9.437043190002441,2.449216365814209,0.0,0.0,0.0,1.0
1780641220,154707712,19.276840209960938,9.432207107543945,2.414292335510254,0.0,0.0,0.0,1.0
1780641220,204707968,19.279958724975586,9.427519798278809,2.3792688846588135,0.0,0.0,0.0,1.0
1780641220,254707968,19.283782958984375,9.42187213897705,2.344393730163574,0.0,0.0,0.0,1.0
1780641220,304708224,19.288055419921875,9.415475845336914,2.3102030754089355,0.0,0.0,0.0,1.0
1780641220,354708224,19.292552947998047,9.408499717712402,2.2765398025512695,0.0,0.0,0.0,1.0
1780641220,404708992,19.297449111938477,9.400613784790039,2.2435038089752197,0.0,0.0,0.0,1.0
1780641220,454708992,19.3026180267334,9.392241477966309,2.2120485305786133,0.0,0.0,0.0,1.0
1780641220,504709248,19.30877113342285,9.384064674377441,2.181226968765259,0.0,0.0,0.0,1.0
1780641220,554709248,19.316761016845703,9.377582550048828,2.151228666305542,0.0,0.0,0.0,1.0
1780641220,604710272,19.324594497680664,9.370559692382812,2.1222007274627686,0.0,0.0,0.0,1.0
1780641220,654710272,19.33226203918457,9.362923622131348,2.0940675735473633,0.0,0.0,0.0,1.0
1780641220,704712576,19.340417861938477,9.355142593383789,2.0670864582061768,0.0,0.0,0.0,1.0
1780641220,754712576,19.34991455078125,9.348162651062012,2.0427298545837402,0.0,0.0,0.0,1.0
1780641220,804714880,19.359004974365234,9.34087085723877,2.018277406692505,0.0,0.0,0.0,1.0
1780641220,854714880,19.367568969726562,9.333470344543457,1.9940690994262695,0.0,0.0,0.0,1.0
1780641220,904715392,19.37565040588379,9.325716018676758,1.9706299304962158,0.0,0.0,0.0,1.0
1780641220,954715392,19.383106231689453,9.317292213439941,1.9499855041503906,0.0,0.0,0.0,1.0
1780641221,4717696,19.390121459960938,9.308944702148438,1.9288798570632935,0.0,0.0,0.0,1.0
1780641221,54717696,19.396574020385742,9.300830841064453,1.9080262184143066,0.0,0.0,0.0,1.0
1780641221,104720256,19.402559280395508,9.292893409729004,1.8869726657867432,0.0,0.0,0.0,1.0
1780641221,154720256,19.408079147338867,9.285442352294922,1.8658980131149292,0.0,0.0,0.0,1.0
1780641221,204722560,19.413576126098633,9.277156829833984,1.8489549160003662,0.0,0.0,0.0,1.0
1780641221,254722560,19.418575286865234,9.269486427307129,1.8311058282852173,0.0,0.0,0.0,1.0
1780641221,304723072,19.422996520996094,9.262472152709961,1.8128066062927246,0.0,0.0,0.0,1.0
1780641221,354723072,19.42911720275879,9.254449844360352,1.7955652475357056,0.0,0.0,0.0,1.0
1780641221,404723328,19.43524742126465,9.246599197387695,1.7780007123947144,0.0,0.0,0.0,1.0
1780641221,454723328,19.44061279296875,9.239596366882324,1.7592774629592896,0.0,0.0,0.0,1.0
1780641221,504723584,19.44509506225586,9.23353099822998,1.7398571968078613,0.0,0.0,0.0,1.0
1780641221,554723584,19.450822830200195,9.232123374938965,1.723517656326294,0.0,0.0,0.0,1.0
1780641221,604724352,19.45565414428711,9.231054306030273,1.7063051462173462,0.0,0.0,0.0,1.0
1780641221,654724352,19.459508895874023,9.230367660522461,1.6880052089691162,0.0,0.0,0.0,1.0
1780641221,704724608,19.46232795715332,9.230123519897461,1.6690064668655396,0.0,0.0,0.0,1.0
1780641221,754724608,19.463449478149414,9.230113983154297,1.653857707977295,0.0,0.0,0.0,1.0
1780641221,804726912,19.463735580444336,9.23065185546875,1.63685142993927,0.0,0.0,0.0,1.0
1780641221,854726912,19.46312713623047,9.23168659210205,1.6179815530776978,0.0,0.0,0.0,1.0
1780641221,904727168,19.461639404296875,9.233175277709961,1.5976616144180298,0.0,0.0,0.0,1.0
1780641221,954727168,19.461502075195312,9.230923652648926,1.5834623575210571,0.0,0.0,0.0,1.0
1780641222,4729984,19.4605655670166,9.229515075683594,1.5670833587646484,0.0,0.0,0.0,1.0
1780641222,54729984,19.45876121520996,9.228964805603027,1.548734188079834,0.0,0.0,0.0,1.0
1780641222,104730496,19.455978393554688,9.229209899902344,1.52841055393219,0.0,0.0,0.0,1.0
1780641222,154730496,19.452495574951172,9.230302810668945,1.5064321756362915,0.0,0.0,0.0,1.0
1780641222,204732032,19.452247619628906,9.232696533203125,1.486319661140442,0.0,0.0,0.0,1.0
1780641222,254732032,19.451038360595703,9.235953330993652,1.4640295505523682,0.0,0.0,0.0,1.0
1780641222,304732288,19.449079513549805,9.239930152893066,1.4404630661010742,0.0,0.0,0.0,1.0
1780641222,354732288,19.447635650634766,9.2454833984375,1.4147804975509644,0.0,0.0,0.0,1.0
1780641222,404732544,19.4453182220459,9.251644134521484,1.387542963027954,0.0,0.0,0.0,1.0
1780641222,454732544,19.442537307739258,9.258257865905762,1.360095500946045,0.0,0.0,0.0,1.0
1780641222,504733056,19.439186096191406,9.265429496765137,1.3318229913711548,0.0,0.0,0.0,1.0
1780641222,554733056,19.438751220703125,9.274274826049805,1.2980159521102905,0.0,0.0,0.0,1.0
1780641222,604732800,19.437725067138672,9.283331871032715,1.264517903327942,0.0,0.0,0.0,1.0
1780641222,654732800,19.436023712158203,9.292616844177246,1.23092520236969,0.0,0.0,0.0,1.0
1780641222,704733056,19.433988571166992,9.301698684692383,1.1979984045028687,0.0,0.0,0.0,1.0
1780641222,754733056,19.43425750732422,9.31134033203125,1.158128261566162,0.0,0.0,0.0,1.0
1780641222,804734336,19.433757781982422,9.320818901062012,1.1189295053482056,0.0,0.0,0.0,1.0
1780641222,854734336,19.43272590637207,9.329822540283203,1.0811160802841187,0.0,0.0,0.0,1.0
1780641222,904734848,19.43109893798828,9.33876895904541,1.0434319972991943,0.0,0.0,0.0,1.0
1780641222,954734848,19.4329891204834,9.348410606384277,1.0031412839889526,0.0,0.0,0.0,1.0
1780641223,4735360,19.434175491333008,9.357503890991211,0.9641649127006531,0.0,0.0,0.0,1.0
1780641223,54735360,19.43459129333496,9.365907669067383,0.9270843863487244,0.0,0.0,0.0,1.0
1780641223,104735872,19.434213638305664,9.373830795288086,0.8914426565170288,0.0,0.0,0.0,1.0
1780641223,154735872,19.433244705200195,9.3812894821167,0.8566707968711853,0.0,0.0,0.0,1.0
1780641223,204737920,19.43096160888672,9.387738227844238,0.8246141076087952,0.0,0.0,0.0,1.0
1780641223,254737920,19.4278507232666,9.393487930297852,0.7947676777839661,0.0,0.0,0.0,1.0
1780641223,304738176,19.424253463745117,9.39893913269043,0.7653937935829163,0.0,0.0,0.0,1.0
1780641223,354738176,19.4208984375,9.402827262878418,0.7401254177093506,0.0,0.0,0.0,1.0
1780641223,404736896,19.417016983032227,9.406305313110352,0.7158246636390686,0.0,0.0,0.0,1.0
1780641223,454736896,19.412782669067383,9.409668922424316,0.6923105120658875,0.0,0.0,0.0,1.0
1780641223,504737408,19.40828514099121,9.412888526916504,0.669513463973999,0.0,0.0,0.0,1.0
1780641223,554737408,19.4060001373291,9.414285659790039,0.6513298749923706,0.0,0.0,0.0,1.0
1780641223,604736896,19.403385162353516,9.415579795837402,0.6328113079071045,0.0,0.0,0.0,1.0
1780641223,654736896,19.400705337524414,9.416926383972168,0.6140356063842773,0.0,0.0,0.0,1.0
1780641223,704735616,19.39813232421875,9.418357849121094,0.5954023003578186,0.0,0.0,0.0,1.0
1780641223,754735616,19.398256301879883,9.42080020904541,0.578323483467102,0.0,0.0,0.0,1.0
1780641223,804736128,19.398468017578125,9.423646926879883,0.5608906745910645,0.0,0.0,0.0,1.0
1780641223,854736128,19.398962020874023,9.427001953125,0.5423011779785156,0.0,0.0,0.0,1.0
1780641223,904736640,19.399442672729492,9.43091869354248,0.5229334235191345,0.0,0.0,0.0,1.0
1780641223,954736640,19.402414321899414,9.437578201293945,0.5034836530685425,0.0,0.0,0.0,1.0
1780641224,4737152,19.405290603637695,9.44440746307373,0.48403632640838623,0.0,0.0,0.0,1.0
1780641224,54737152,19.408023834228516,9.45174789428711,0.46384355425834656,0.0,0.0,0.0,1.0
1780641224,104737920,19.410594940185547,9.459917068481445,0.44340288639068604,0.0,0.0,0.0,1.0
1780641224,154737920,19.412948608398438,9.468744277954102,0.42235082387924194,0.0,0.0,0.0,1.0
1780641224,204738176,19.41498374938965,9.477639198303223,0.40448543429374695,0.0,0.0,0.0,1.0
1780641224,254738176,19.41676139831543,9.486909866333008,0.38648974895477295,0.0,0.0,0.0,1.0
1780641224,304738432,19.418357849121094,9.496199607849121,0.36753711104393005,0.0,0.0,0.0,1.0
1780641224,354738432,19.422807693481445,9.506525993347168,0.3484579622745514,0.0,0.0,0.0,1.0
1780641224,404738688,19.42671775817871,9.516465187072754,0.3285405933856964,0.0,0.0,0.0,1.0
1780641224,454738688,19.4306640625,9.526114463806152,0.3084178566932678,0.0,0.0,0.0,1.0
1780641224,504739712,19.43455696105957,9.535282135009766,0.28825482726097107,0.0,0.0,0.0,1.0
1780641224,554739712,19.438570022583008,9.544775009155273,0.2679981291294098,0.0,0.0,0.0,1.0
1780641224,604739712,19.432418823242188,9.552968978881836,0.26331257820129395,0.0,0.0,0.0,1.0
1780641224,654739712,19.425006866455078,9.555551528930664,0.26742783188819885,0.0,0.0,0.0,1.0
1780641224,704740480,19.419340133666992,9.559718132019043,0.2653874456882477,0.0,0.0,0.0,1.0
1780641224,754740480,19.418617248535156,9.5648832321167,0.267221063375473,0.0,0.0,0.0,1.0
1780641224,804742272,19.420961380004883,9.569064140319824,0.26573190093040466,0.0,0.0,0.0,1.0
1780641224,854742272,19.424026489257812,9.569023132324219,0.2654341459274292,0.0,0.0,0.0,1.0
1780641224,904742784,19.425352096557617,9.566656112670898,0.26455754041671753,0.0,0.0,0.0,1.0
1780641224,954742784,19.429222106933594,9.565594673156738,0.2653568387031555,0.0,0.0,0.0,1.0
1780641225,4743296,19.4331111907959,9.565040588378906,0.2660599946975708,0.0,0.0,0.0,1.0
1780641225,54743296,19.436172485351562,9.564892768859863,0.2666584253311157,0.0,0.0,0.0,1.0
1780641225,104743552,19.438945770263672,9.565058708190918,0.2671487331390381,0.0,0.0,0.0,1.0
1780641225,154743552,19.440858840942383,9.564932823181152,0.2676692008972168,0.0,0.0,0.0,1.0
1780641225,204744064,19.443513870239258,9.565091133117676,0.2707999348640442,0.0,0.0,0.0,1.0
1780641225,254744064,19.44632339477539,9.564702033996582,0.2741817831993103,0.0,0.0,0.0,1.0
1780641225,304744576,19.44851303100586,9.56334400177002,0.27705734968185425,0.0,0.0,0.0,1.0
1780641225,354744576,19.452072143554688,9.562541961669922,0.27977070212364197,0.0,0.0,0.0,1.0
1780641225,404745088,19.455677032470703,9.562171936035156,0.2820657193660736,0.0,0.0,0.0,1.0
1780641225,454745088,19.458499908447266,9.562357902526855,0.2838197946548462,0.0,0.0,0.0,1.0
1780641225,504744320,19.46065330505371,9.56299877166748,0.28508755564689636,0.0,0.0,0.0,1.0
1780641225,554744320,19.4632568359375,9.56442928314209,0.28703251481056213,0.0,0.0,0.0,1.0
1780641225,604744832,19.46582794189453,9.565237045288086,0.28899532556533813,0.0,0.0,0.0,1.0
1780641225,654744832,19.467998504638672,9.565369606018066,0.29053694009780884,0.0,0.0,0.0,1.0
1780641225,704745088,19.469818115234375,9.565450668334961,0.2917008101940155,0.0,0.0,0.0,1.0
1780641225,754745088,19.472272872924805,9.56757926940918,0.2930978536605835,0.0,0.0,0.0,1.0
1780641225,804747392,19.474632263183594,9.569880485534668,0.2944523096084595,0.0,0.0,0.0,1.0
1780641225,854747392,19.47663688659668,9.571573257446289,0.29570943117141724,0.0,0.0,0.0,1.0
1780641225,904747648,19.478334426879883,9.572796821594238,0.2968714237213135,0.0,0.0,0.0,1.0
1780641225,954747648,19.481950759887695,9.574910163879395,0.2957054376602173,0.0,0.0,0.0,1.0
1780641226,4747392,19.48503875732422,9.57665729522705,0.29489824175834656,0.0,0.0,0.0,1.0
1780641226,54747392,19.487686157226562,9.577930450439453,0.29402950406074524,0.0,0.0,0.0,1.0
1780641226,104748160,19.489952087402344,9.578840255737305,0.2931758463382721,0.0,0.0,0.0,1.0
1780641226,154748160,19.49187469482422,9.579526901245117,0.292521595954895,0.0,0.0,0.0,1.0
1780641226,204750464,19.49583625793457,9.581798553466797,0.29062002897262573,0.0,0.0,0.0,1.0
1780641226,254750464,19.499990463256836,9.5841703414917,0.2887195944786072,0.0,0.0,0.0,1.0
1780641226,304750464,19.503646850585938,9.586091041564941,0.2864995002746582,0.0,0.0,0.0,1.0
1780641226,354750464,19.509052276611328,9.589722633361816,0.2830318212509155,0.0,0.0,0.0,1.0
1780641226,404750208,19.513761520385742,9.592841148376465,0.279668390750885,0.0,0.0,0.0,1.0
1780641226,454750208,19.517908096313477,9.595426559448242,0.2768557071685791,0.0,0.0,0.0,1.0
1780641226,504750208,19.52153968811035,9.59752368927002,0.2740907073020935,0.0,0.0,0.0,1.0
1780641226,554750208,19.525503158569336,9.60019588470459,0.27177536487579346,0.0,0.0,0.0,1.0
1780641226,604752512,19.529674530029297,9.603342056274414,0.26927638053894043,0.0,0.0,0.0,1.0
1780641226,654752512,19.533302307128906,9.606058120727539,0.2671932578086853,0.0,0.0,0.0,1.0
1780641226,704753280,19.536426544189453,9.608457565307617,0.2647576332092285,0.0,0.0,0.0,1.0
1780641226,754753280,19.53978729248047,9.611515998840332,0.26221486926078796,0.0,0.0,0.0,1.0
1780641226,804754304,19.54334259033203,9.615081787109375,0.2587883472442627,0.0,0.0,0.0,1.0
1780641226,854754304,19.546463012695312,9.618021965026855,0.2554050385951996,0.0,0.0,0.0,1.0
1780641226,904752768,19.549036026000977,9.620343208312988,0.25171178579330444,0.0,0.0,0.0,1.0
1780641226,954752768,19.552631378173828,9.623169898986816,0.24604104459285736,0.0,0.0,0.0,1.0
1780641227,4751232,19.55656623840332,9.626572608947754,0.23711833357810974,0.0,0.0,0.0,1.0
1780641227,54751232,19.56056022644043,9.630200386047363,0.22659675776958466,0.0,0.0,0.0,1.0
1780641227,104752256,19.563467025756836,9.632721900939941,0.21824543178081512,0.0,0.0,0.0,1.0
1780641227,154752256,19.566036224365234,9.634758949279785,0.21092233061790466,0.0,0.0,0.0,1.0
1780641227,204750464,19.57037925720215,9.638235092163086,0.20345063507556915,0.0,0.0,0.0,1.0
1780641227,254750464,19.574203491210938,9.641327857971191,0.19625906646251678,0.0,0.0,0.0,1.0
1780641227,305749696,19.578109741210938,9.644486427307129,0.18933558464050293,0.0,0.0,0.0,1.0
1780641227,354749696,19.58330726623535,9.648395538330078,0.18204490840435028,0.0,0.0,0.0,1.0
